timestamp,project_name,run_id,experiment_id,duration,emissions,emissions_rate,cpu_power,gpu_power,ram_power,cpu_energy,gpu_energy,ram_energy,energy_consumed,water_consumed,country_name,country_iso_code,region,cloud_provider,cloud_region,os,python_version,codecarbon_version,cpu_count,cpu_model,gpu_count,gpu_model,longitude,latitude,ram_total_size,tracking_mode,cpu_utilization_percent,gpu_utilization_percent,ram_utilization_percent,ram_used_gb,on_cloud,pue,wue
2026-04-19T17:19:24,trm_official_maze_train,5b839fb3-dab2-4c4f-91c9-91c519788cfb,5b0fa12a-3dd7-45bb-9766-cc326314d9f1,1613.3338948000455,0.0243096403043948,1.5067953622463104e-05,11.27058536572111,198.0772246303613,20.0,0.0048812313858124,0.088774834075366,0.0086619724294429,0.1023180378906214,0.0,United Kingdom,GBR,england,,,Windows-11-10.0.26100-SP0,3.13.0,3.2.6,28,Intel(R) Core(TM) i7-14700,1,1 x NVIDIA GeForce RTX 5070,-2.3329,51.7694,63.71231842041016,machine,0.9157303370786516,96.25967540574284,59.849812734082406,38.13412628459573,N,1.0,0.0
2026-04-19T17:48:14,trm_official_maze_train,5b839fb3-dab2-4c4f-91c9-91c519788cfb,5b0fa12a-3dd7-45bb-9766-cc326314d9f1,3343.427420500084,0.0504582904002163,1.50917857797162e-05,11.273568788718803,198.44928442020552,20.0,0.0101178032614807,0.1843082971687479,0.0179502738977762,0.212376374328005,0.0,United Kingdom,GBR,england,,,Windows-11-10.0.26100-SP0,3.13.0,3.2.6,28,Intel(R) Core(TM) i7-14700,1,1 x NVIDIA GeForce RTX 5070,-2.3329,51.7694,63.71231842041016,machine,0.9264378199337548,96.37910267991568,53.958807588075885,34.37942405753522,N,1.0,0.0
2026-04-19T18:15:13,trm_official_maze_train,5b839fb3-dab2-4c4f-91c9-91c519788cfb,5b0fa12a-3dd7-45bb-9766-cc326314d9f1,4961.934279800043,0.0748317125966049,1.508115754399322e-05,11.26572656712394,198.28313957306628,20.0,0.0150043859551418,0.2733203300449816,0.0266381509533339,0.3149628669534574,0.0,United Kingdom,GBR,england,,,Windows-11-10.0.26100-SP0,3.13.0,3.2.6,28,Intel(R) Core(TM) i7-14700,1,1 x NVIDIA GeForce RTX 5070,-2.3329,51.7694,63.71231842041016,machine,1.0385598377281948,96.34807302231238,48.99269776876268,31.21478301893625,N,1.0,0.0
2026-04-19T18:42:14,trm_official_maze_train,5b839fb3-dab2-4c4f-91c9-91c519788cfb,5b0fa12a-3dd7-45bb-9766-cc326314d9f1,6582.808363600052,0.0992247691784279,1.5073318817405648e-05,11.259794511612156,198.1628288824733,20.0,0.019894400891929,0.3623985143630222,0.0353390844522231,0.4176319997071748,0.0,United Kingdom,GBR,england,,,Windows-11-10.0.26100-SP0,3.13.0,3.2.6,28,Intel(R) Core(TM) i7-14700,1,1 x NVIDIA GeForce RTX 5070,-2.3329,51.7694,63.71231842041016,machine,1.0818821729150727,96.31185921958684,45.309655700076505,28.868098555362764,N,1.0,0.0
2026-04-19T19:09:16,trm_official_maze_train,5b839fb3-dab2-4c4f-91c9-91c519788cfb,5b0fa12a-3dd7-45bb-9766-cc326314d9f1,8205.070524399984,0.1236621344254742,1.5071428582817371e-05,11.253973427614309,198.14180910679,20.0,0.0247842890739172,0.4516558227132634,0.0440475135888852,0.5204876253760665,0.0,United Kingdom,GBR,england,,,Windows-11-10.0.26100-SP0,3.13.0,3.2.6,28,Intel(R) Core(TM) i7-14700,1,1 x NVIDIA GeForce RTX 5070,-2.3329,51.7694,63.71231842041016,machine,1.065618474388896,96.26569217540845,43.08793759980347,27.452503332736203,N,1.0,0.0
2026-04-19T19:36:16,trm_official_maze_train,5b839fb3-dab2-4c4f-91c9-91c519788cfb,5b0fa12a-3dd7-45bb-9766-cc326314d9f1,9825.499147300026,0.1480921248955098,1.5072224085043495e-05,11.250514229591971,198.1556431530192,20.0,0.0296697772129825,0.5408963160500448,0.0527461177211073,0.6233122109841359,0.0,United Kingdom,GBR,england,,,Windows-11-10.0.26100-SP0,3.13.0,3.2.6,28,Intel(R) Core(TM) i7-14700,1,1 x NVIDIA GeForce RTX 5070,-2.3329,51.7694,63.71231842041016,machine,1.0518419702411494,96.2675218060544,41.5893381221139,26.49743946245721,N,1.0,0.0
2026-04-19T20:03:18,trm_official_maze_train,5b839fb3-dab2-4c4f-91c9-91c519788cfb,5b0fa12a-3dd7-45bb-9766-cc326314d9f1,11446.817903900052,0.1725030907816677,1.5069960248331909e-05,11.247631941799597,198.12419309259823,20.0,0.0345567717488363,0.6300503904287993,0.0614495609099976,0.7260567230876341,0.0,United Kingdom,GBR,england,,,Windows-11-10.0.26100-SP0,3.13.0,3.2.6,28,Intel(R) Core(TM) i7-14700,1,1 x NVIDIA GeForce RTX 5070,-2.3329,51.7694,63.71231842041016,machine,0.9870925110132158,96.2504845814978,40.52276651982379,25.817835354910024,N,1.0,0.0
2026-04-19T20:30:19,trm_official_maze_train,5b839fb3-dab2-4c4f-91c9-91c519788cfb,5b0fa12a-3dd7-45bb-9766-cc326314d9f1,13067.572420399983,0.1968854333704095,1.5066718364847072e-05,11.24575929185737,198.0796944905825,20.0,0.0394431308343417,0.7190877105474911,0.0701499198083286,0.8286807611901635,0.0,United Kingdom,GBR,england,,,Windows-11-10.0.26100-SP0,3.13.0,3.2.6,28,Intel(R) Core(TM) i7-14700,1,1 x NVIDIA GeForce RTX 5070,-2.3329,51.7694,63.71231842041016,machine,0.9550443844075648,96.23543033577768,39.725495947510616,25.309421841125605,N,1.0,0.0
2026-04-19T20:57:18,trm_official_maze_train,5b839fb3-dab2-4c4f-91c9-91c519788cfb,5b0fa12a-3dd7-45bb-9766-cc326314d9f1,14686.975735099986,0.221251027505114,1.5064437464572949e-05,11.244007281493994,198.04597276094188,20.0,0.0443241055281352,0.8080674508978944,0.0788427494766584,0.93123430590269,0.0,United Kingdom,GBR,england,,,Windows-11-10.0.26100-SP0,3.13.0,3.2.6,28,Intel(R) Core(TM) i7-14700,1,1 x NVIDIA GeForce RTX 5070,-2.3329,51.7694,63.71231842041016,machine,0.9531355175492824,96.2301669070678,39.10626416649495,24.91449995766024,N,1.0,0.0
2026-04-19T21:24:19,trm_official_maze_train,5b839fb3-dab2-4c4f-91c9-91c519788cfb,5b0fa12a-3dd7-45bb-9766-cc326314d9f1,16307.946202400024,0.2456654905354138,1.5064158753433923e-05,11.246077392212724,198.03898967939065,20.0,0.0492251364012592,0.89722412138984,0.0875442795166615,1.0339935373077624,0.0,United Kingdom,GBR,england,,,Windows-11-10.0.26100-SP0,3.13.0,3.2.6,28,Intel(R) Core(TM) i7-14700,1,1 x NVIDIA GeForce RTX 5070,-2.3329,51.7694,63.71231842041016,machine,0.9801360965047944,96.228209093721,38.61143829260749,24.599337903302114,N,1.0,0.0
2026-04-19T21:51:18,trm_official_maze_train,5b839fb3-dab2-4c4f-91c9-91c519788cfb,5b0fa12a-3dd7-45bb-9766-cc326314d9f1,17927.37895380007,0.2701263859230917,1.5067812568653988e-05,11.248839505004089,198.09019495745807,20.0,0.0541266589888146,0.9865843664890904,0.096237174662218,1.136948200140124,0.0,United Kingdom,GBR,england,,,Windows-11-10.0.26100-SP0,3.13.0,3.2.6,28,Intel(R) Core(TM) i7-14700,1,1 x NVIDIA GeForce RTX 5070,-2.3329,51.7694,63.71231842041016,machine,0.970200911700152,96.2317519275142,38.21199842422196,24.345136449348946,N,1.0,0.0
2026-04-19T22:18:17,trm_official_maze_train,5b839fb3-dab2-4c4f-91c9-91c519788cfb,5b0fa12a-3dd7-45bb-9766-cc326314d9f1,19545.987821200048,0.2945346433933933,1.5068803177802762e-05,11.2501425283795,198.09933828201247,20.0,0.0590203906550486,1.0757352553097377,0.1049256666944407,1.2396813126592283,0.0,United Kingdom,GBR,england,,,Windows-11-10.0.26100-SP0,3.13.0,3.2.6,28,Intel(R) Core(TM) i7-14700,1,1 x NVIDIA GeForce RTX 5070,-2.3329,51.7694,63.71231842041016,machine,0.9587084451786082,96.24633491637417,37.88207722486062,24.135104765213647,N,1.0,0.0
2026-04-19T22:45:17,trm_official_maze_train,5b839fb3-dab2-4c4f-91c9-91c519788cfb,5b0fa12a-3dd7-45bb-9766-cc326314d9f1,21166.119320900063,0.3189464401826997,1.5068725416650296e-05,11.249982171354027,198.0934813803217,20.0,0.0639117181931829,1.1648949849708004,0.1136226188277734,1.3424293219917576,0.0,United Kingdom,GBR,england,,,Windows-11-10.0.26100-SP0,3.13.0,3.2.6,28,Intel(R) Core(TM) i7-14700,1,1 x NVIDIA GeForce RTX 5070,-2.3329,51.7694,63.71231842041016,machine,0.9735615197597368,96.24474424369548,37.60293654955428,23.95741633638763,N,1.0,0.0
2026-04-19T23:12:19,trm_official_maze_train,5b839fb3-dab2-4c4f-91c9-91c519788cfb,5b0fa12a-3dd7-45bb-9766-cc326314d9f1,22787.56336140004,0.3433674470153978,1.5068194943432587e-05,11.2485595940494,198.0827736466451,20.0,0.0687990956248044,1.254090204104699,0.122326796198329,1.4452160959278326,0.0,United Kingdom,GBR,england,,,Windows-11-10.0.26100-SP0,3.13.0,3.2.6,28,Intel(R) Core(TM) i7-14700,1,1 x NVIDIA GeForce RTX 5070,-2.3329,51.7694,63.71231842041016,machine,0.972686210255956,96.23168895580552,37.36894872021964,23.808810673025224,N,1.0,0.0
2026-04-19T23:39:19,trm_official_maze_train,5b839fb3-dab2-4c4f-91c9-91c519788cfb,5b0fa12a-3dd7-45bb-9766-cc326314d9f1,24408.122656900086,0.3677714220777814,1.506758333065873e-05,11.24758595258817,198.07127049386327,20.0,0.0736851941829038,1.3432198279083352,0.1310261619188847,1.5479311840101242,0.0,United Kingdom,GBR,england,,,Windows-11-10.0.26100-SP0,3.13.0,3.2.6,28,Intel(R) Core(TM) i7-14700,1,1 x NVIDIA GeForce RTX 5070,-2.3329,51.7694,63.71231842041016,machine,0.9891590176134952,96.2234350450674,37.15523443314314,23.67270955390397,N,1.0,0.0
2026-04-20T00:06:20,trm_official_maze_train,5b839fb3-dab2-4c4f-91c9-91c519788cfb,5b0fa12a-3dd7-45bb-9766-cc326314d9f1,26028.90048990003,0.3921468262001917,1.5065823712083272e-05,11.246605359712058,198.04303567269017,20.0,0.0785713154441021,1.4322281502260523,0.1397265527911042,1.6505260184612576,0.0,United Kingdom,GBR,england,,,Windows-11-10.0.26100-SP0,3.13.0,3.2.6,28,Intel(R) Core(TM) i7-14700,1,1 x NVIDIA GeForce RTX 5070,-2.3329,51.7694,63.71231842041016,machine,0.9711294637664302,96.2182156566244,36.97456477065643,23.55755512497424,N,1.0,0.0
2026-04-20T00:33:20,trm_official_maze_train,5b839fb3-dab2-4c4f-91c9-91c519788cfb,5b0fa12a-3dd7-45bb-9766-cc326314d9f1,27649.01574110007,0.416501247413172,1.5063872483317584e-05,11.2456339116488,198.00975454595303,20.0,0.0834546213609445,1.521154599422708,0.1484233161316593,1.7530325369153117,0.0,United Kingdom,GBR,england,,,Windows-11-10.0.26100-SP0,3.13.0,3.2.6,28,Intel(R) Core(TM) i7-14700,1,1 x NVIDIA GeForce RTX 5070,-2.3329,51.7694,63.71231842041016,machine,0.9632378171199124,96.21040335827706,36.82030662529659,23.459028047609337,N,1.0,0.0
2026-04-20T01:00:18,trm_official_maze_train,5b839fb3-dab2-4c4f-91c9-91c519788cfb,5b0fa12a-3dd7-45bb-9766-cc326314d9f1,29266.66505010007,0.4408836150063305,1.506436125372006e-05,11.240356420701774,197.93876143520825,20.0,0.0883409401099622,1.6101258467107584,0.157189893439437,1.855656680260157,0.0,United Kingdom,GBR,england,,,Windows-11-10.0.26100-SP0,3.13.0,3.2.6,28,Intel(R) Core(TM) i7-14700,1,1 x NVIDIA GeForce RTX 5070,-2.3329,51.7694,63.71231842041016,machine,0.960546282245827,96.21589184715133,36.735256587115465,23.40495156169612,N,1.0,0.0
2026-04-20T01:27:18,trm_official_maze_train,5b839fb3-dab2-4c4f-91c9-91c519788cfb,5b0fa12a-3dd7-45bb-9766-cc326314d9f1,30886.910223399987,0.46523171248159,1.5062423179160522e-05,11.239772060677833,197.9079496292298,20.009633911368017,0.0932258126638644,1.698940014150928,0.1659707556094375,1.9581365824242285,0.0,United Kingdom,GBR,england,,,Windows-11-10.0.26100-SP0,3.13.0,3.2.6,28,Intel(R) Core(TM) i7-14700,1,1 x NVIDIA GeForce RTX 5070,-2.3329,51.7694,63.71231842041016,machine,0.9570392156862746,96.20954248366012,36.66298366013072,23.35887836231905,N,1.0,0.0
2026-04-20T01:54:18,trm_official_maze_train,5b839fb3-dab2-4c4f-91c9-91c519788cfb,5b0fa12a-3dd7-45bb-9766-cc326314d9f1,32506.89664990001,0.4895720421704516,1.5060559223575025e-05,11.234067294702124,197.85548816930145,20.0,0.0981087643321649,1.787806907466603,0.1746681185722165,2.060583790370984,0.0,United Kingdom,GBR,england,,,Windows-11-10.0.26100-SP0,3.13.0,3.2.6,28,Intel(R) Core(TM) i7-14700,1,1 x NVIDIA GeForce RTX 5070,-2.3329,51.7694,63.71231842041016,machine,0.9510138806943452,96.20367667608608,36.602887929696,23.32050436293713,N,1.0,0.0
2026-04-20T02:21:17,trm_official_maze_train,5b839fb3-dab2-4c4f-91c9-91c519788cfb,5b0fa12a-3dd7-45bb-9766-cc326314d9f1,34126.27219739999,0.5138904389682024,1.5058499094060284e-05,11.233778988548416,197.8305664268554,20.0,0.1029885785847815,1.876589327659154,0.1833607776522161,2.1629386838961504,0.0,United Kingdom,GBR,england,,,Windows-11-10.0.26100-SP0,3.13.0,3.2.6,28,Intel(R) Core(TM) i7-14700,1,1 x NVIDIA GeForce RTX 5070,-2.3329,51.7694,63.71231842041016,machine,0.9458291427557238,96.19014376146248,36.55024551854701,23.287082229783067,N,1.0,0.0
2026-04-20T02:48:16,trm_official_maze_train,5b839fb3-dab2-4c4f-91c9-91c519788cfb,5b0fa12a-3dd7-45bb-9766-cc326314d9f1,35745.20916620002,0.5382168814946585,1.5057035447524702e-05,11.233501584698985,197.8152690407384,20.0,0.1078669587721028,1.9654097637154493,0.1920507189960998,2.265327441483649,0.0,United Kingdom,GBR,england,,,Windows-11-10.0.26100-SP0,3.13.0,3.2.6,28,Intel(R) Core(TM) i7-14700,1,1 x NVIDIA GeForce RTX 5070,-2.3329,51.7694,63.71231842041016,machine,0.9478183512666272,96.18486825383376,36.5050778050778,23.258258873769485,N,1.0,0.0
2026-04-20T03:15:15,trm_official_maze_train,5b839fb3-dab2-4c4f-91c9-91c519788cfb,5b0fa12a-3dd7-45bb-9766-cc326314d9f1,37363.78050460003,0.5625458185965301,1.5055912731509395e-05,11.233785575535164,197.80250146091925,20.0,0.1127497897218058,2.054238028944667,0.2007388799455435,2.367726698612016,0.0,United Kingdom,GBR,england,,,Windows-11-10.0.26100-SP0,3.13.0,3.2.6,28,Intel(R) Core(TM) i7-14700,1,1 x NVIDIA GeForce RTX 5070,-2.3329,51.7694,63.71231842041016,machine,0.932973980708438,96.1868363459512,36.46875793682959,23.23510312708101,N,1.0,0.0
2026-04-20T03:42:13,trm_official_maze_train,5b839fb3-dab2-4c4f-91c9-91c519788cfb,5b0fa12a-3dd7-45bb-9766-cc326314d9f1,38982.157584600034,0.5868852274601682,1.5055226899293492e-05,11.233586573773913,197.7957542609322,20.0,0.1176269673438011,2.143117221436846,0.2094258420716562,2.4701700308523047,0.0,United Kingdom,GBR,england,,,Windows-11-10.0.26100-SP0,3.13.0,3.2.6,28,Intel(R) Core(TM) i7-14700,1,1 x NVIDIA GeForce RTX 5070,-2.3329,51.7694,63.71231842041016,machine,0.9263201512443996,96.18501540931813,36.43024111050682,23.21060774548794,N,1.0,0.0
2026-04-20T04:09:11,trm_official_maze_train,5b839fb3-dab2-4c4f-91c9-91c519788cfb,5b0fa12a-3dd7-45bb-9766-cc326314d9f1,40600.0541978,0.6111763381931624,1.5053584293645608e-05,11.233313427379498,197.7685009559847,20.0,0.122501901440981,2.231797920436911,0.218110256842765,2.572410078720657,0.0,United Kingdom,GBR,england,,,Windows-11-10.0.26100-SP0,3.13.0,3.2.6,28,Intel(R) Core(TM) i7-14700,1,1 x NVIDIA GeForce RTX 5070,-2.3329,51.7694,63.71231842041016,machine,0.930317799771224,96.18346844382552,36.39691649674243,23.18926772382606,N,1.0,0.0
2026-04-20T04:36:10,trm_official_maze_train,5b839fb3-dab2-4c4f-91c9-91c519788cfb,5b0fa12a-3dd7-45bb-9766-cc326314d9f1,42219.02909960004,0.6354997967945373,1.5052449342103837e-05,11.23306402412663,197.7313250429337,20.0,0.1273803624852127,2.320605097038154,0.2268008175960992,2.6747862771194666,0.0,United Kingdom,GBR,england,,,Windows-11-10.0.26100-SP0,3.13.0,3.2.6,28,Intel(R) Core(TM) i7-14700,1,1 x NVIDIA GeForce RTX 5070,-2.3329,51.7694,63.71231842041016,machine,0.9248654853289332,96.178898534089,36.36294090919961,23.167553927921954,N,1.0,0.0
2026-04-20T05:03:08,trm_official_maze_train,5b839fb3-dab2-4c4f-91c9-91c519788cfb,5b0fa12a-3dd7-45bb-9766-cc326314d9f1,43837.36112970009,0.6598182929651757,1.5051505746730375e-05,11.232857313933067,197.72329423270463,20.0,0.1322585606164776,2.409392524456919,0.2354905038266544,2.777141588900055,0.0,United Kingdom,GBR,england,,,Windows-11-10.0.26100-SP0,3.13.0,3.2.6,28,Intel(R) Core(TM) i7-14700,1,1 x NVIDIA GeForce RTX 5070,-2.3329,51.7694,63.71231842041016,machine,0.9285174693106704,96.17591377046917,36.33078606140169,23.14716250541893,N,1.0,0.0
2026-04-20T05:30:07,trm_official_maze_train,5b839fb3-dab2-4c4f-91c9-91c519788cfb,5b0fa12a-3dd7-45bb-9766-cc326314d9f1,45455.96273530007,0.6841172158510375,1.5050109483651252e-05,11.232705148158376,197.7065059219048,20.0,0.1371361595690546,2.4980993479223272,0.2441790102305477,2.879414517721935,0.0,United Kingdom,GBR,england,,,Windows-11-10.0.26100-SP0,3.13.0,3.2.6,28,Intel(R) Core(TM) i7-14700,1,1 x NVIDIA GeForce RTX 5070,-2.3329,51.7694,63.71231842041016,machine,0.9311054841074166,96.17594011683435,36.297490060194136,23.125949341655428,N,1.0,0.0
2026-04-20T05:57:05,trm_official_maze_train,5b839fb3-dab2-4c4f-91c9-91c519788cfb,5b0fa12a-3dd7-45bb-9766-cc326314d9f1,47073.80329840002,0.7083613701975777,1.5047889071279991e-05,11.232548645173688,197.67633719197136,20.0,0.1420115032027452,2.5865822203752344,0.2528632049733267,2.9814569285513097,0.0,United Kingdom,GBR,england,,,Windows-11-10.0.26100-SP0,3.13.0,3.2.6,28,Intel(R) Core(TM) i7-14700,1,1 x NVIDIA GeForce RTX 5070,-2.3329,51.7694,63.71231842041016,machine,0.927908971966626,96.17409862085236,36.26806511807477,23.107273216109284,N,1.0,0.0
2026-04-20T06:24:04,trm_official_maze_train,5b839fb3-dab2-4c4f-91c9-91c519788cfb,5b0fa12a-3dd7-45bb-9766-cc326314d9f1,48692.87037850008,0.7326010877642705,1.5045346106516328e-05,11.232464221198788,197.6413678451517,20.0,0.1468914318222517,2.6750350950263666,0.2615541383516644,3.083480665200282,0.0,United Kingdom,GBR,england,,,Windows-11-10.0.26100-SP0,3.13.0,3.2.6,28,Intel(R) Core(TM) i7-14700,1,1 x NVIDIA GeForce RTX 5070,-2.3329,51.7694,63.71231842041016,machine,0.9342180566499398,96.17181603284536,36.24427072533488,23.092154549340155,N,1.0,0.0
2026-04-20T06:51:03,trm_official_maze_train,5b839fb3-dab2-4c4f-91c9-91c519788cfb,5b0fa12a-3dd7-45bb-9766-cc326314d9f1,50311.6896712,0.7568179520495897,1.5042586663170969e-05,11.232399179434228,197.60133781657404,20.0,0.1517708792883128,2.763393535713064,0.2702437985505526,3.1854082135519275,0.0,United Kingdom,GBR,england,,,Windows-11-10.0.26100-SP0,3.13.0,3.2.6,28,Intel(R) Core(TM) i7-14700,1,1 x NVIDIA GeForce RTX 5070,-2.3329,51.7694,63.71231842041016,machine,0.9378662599341736,96.16771694629526,36.2215441117444,23.077644119391312,N,1.0,0.0
2026-04-20T07:18:02,trm_official_maze_train,5b839fb3-dab2-4c4f-91c9-91c519788cfb,5b0fa12a-3dd7-45bb-9766-cc326314d9f1,51930.67463979998,0.7810574442875018,1.504038701027956e-05,11.232275262609672,197.5664025698297,20.0,0.1566499528634489,2.851846841753428,0.2789342071866628,3.2874310018035384,0.0,United Kingdom,GBR,england,,,Windows-11-10.0.26100-SP0,3.13.0,3.2.6,28,Intel(R) Core(TM) i7-14700,1,1 x NVIDIA GeForce RTX 5070,-2.3329,51.7694,63.71231842041016,machine,0.9394217495284946,96.16643658493904,36.19977445509518,23.06380719234218,N,1.0,0.0
2026-04-20T07:45:01,trm_official_maze_train,5b839fb3-dab2-4c4f-91c9-91c519788cfb,5b0fa12a-3dd7-45bb-9766-cc326314d9f1,53549.86280540005,0.8053251248753592,1.5038789694044728e-05,11.232094968704638,197.5194417881733,20.0,0.1615288101108606,2.9404178464990665,0.2876257767744404,3.389572433384368,0.0,United Kingdom,GBR,england,,,Windows-11-10.0.26100-SP0,3.13.0,3.2.6,28,Intel(R) Core(TM) i7-14700,1,1 x NVIDIA GeForce RTX 5070,-2.3329,51.7694,63.71231842041016,machine,0.9438077459742806,96.16429083229626,36.17768224158088,23.04974465604488,N,1.0,0.0
2026-04-20T08:12:00,trm_official_maze_train,5b839fb3-dab2-4c4f-91c9-91c519788cfb,5b0fa12a-3dd7-45bb-9766-cc326314d9f1,55168.76427140005,0.8296128163965147,1.503772700645015e-05,11.232002263780352,197.50853750513548,20.0,0.1664093999817545,3.0290701140874887,0.2963185758949991,3.49179808996424,0.0,United Kingdom,GBR,england,,,Windows-11-10.0.26100-SP0,3.13.0,3.2.6,28,Intel(R) Core(TM) i7-14700,1,1 x NVIDIA GeForce RTX 5070,-2.3329,51.7694,63.71231842041016,machine,0.9460319203455596,96.16459843326744,36.15815396441906,23.03737533325524,N,1.0,0.0
2026-04-20T08:39:00,trm_official_maze_train,5b839fb3-dab2-4c4f-91c9-91c519788cfb,5b0fa12a-3dd7-45bb-9766-cc326314d9f1,56788.79072200006,0.8539016644163163,1.5036447396748554e-05,11.2318441452023,197.4915058295052,20.0,0.1712907603448999,3.1177230450097824,0.3050148088333309,3.594028614188012,0.0,United Kingdom,GBR,england,,,Windows-11-10.0.26100-SP0,3.13.0,3.2.6,28,Intel(R) Core(TM) i7-14700,1,1 x NVIDIA GeForce RTX 5070,-2.3329,51.7694,63.71231842041016,machine,0.9475088904694168,96.1621266002845,36.140355618776674,23.026037640320627,N,1.0,0.0
2026-04-20T09:05:58,trm_official_maze_train,5b839fb3-dab2-4c4f-91c9-91c519788cfb,5b0fa12a-3dd7-45bb-9766-cc326314d9f1,58407.10880110005,0.8781800560544737,1.503549951505105e-05,11.23176076085672,197.4812124986147,20.0,0.1761675688609795,3.2063459434080386,0.3137016157649969,3.6962151280340128,0.0,United Kingdom,GBR,england,,,Windows-11-10.0.26100-SP0,3.13.0,3.2.6,28,Intel(R) Core(TM) i7-14700,1,1 x NVIDIA GeForce RTX 5070,-2.3329,51.7694,63.71231842041016,machine,0.9584713529960928,96.16351440130008,36.12365063448705,23.01540432376637,N,1.0,0.0
2026-04-20T09:32:56,trm_official_maze_train,5b839fb3-dab2-4c4f-91c9-91c519788cfb,5b0fa12a-3dd7-45bb-9766-cc326314d9f1,60025.13784340001,0.9025357126765966,1.5035962350161165e-05,11.231641181509431,197.4913176117951,20.0,0.1810431104346043,3.295296900124299,0.3223868357033302,3.798726846262226,0.0,United Kingdom,GBR,england,,,Windows-11-10.0.26100-SP0,3.13.0,3.2.6,28,Intel(R) Core(TM) i7-14700,1,1 x NVIDIA GeForce RTX 5070,-2.3329,51.7694,63.71231842041016,machine,0.9551435829281832,96.16639469744123,36.10798075467255,23.0054939851693,N,1.0,0.0
2026-04-20T09:59:54,trm_official_maze_train,5b839fb3-dab2-4c4f-91c9-91c519788cfb,5b0fa12a-3dd7-45bb-9766-cc326314d9f1,61643.19902659999,0.926875481803835,1.5036135314844288e-05,11.231627151496552,197.495502798564,20.0,0.185920467222611,3.384179026229944,0.3310722013811103,3.901171694833659,0.0,United Kingdom,GBR,england,,,Windows-11-10.0.26100-SP0,3.13.0,3.2.6,28,Intel(R) Core(TM) i7-14700,1,1 x NVIDIA GeForce RTX 5070,-2.3329,51.7694,63.71231842041016,machine,0.9462953558850028,96.16609058890982,36.09717093947088,22.99854978657792,N,1.0,0.0
2026-04-20T10:26:54,trm_official_maze_train,5b839fb3-dab2-4c4f-91c9-91c519788cfb,5b0fa12a-3dd7-45bb-9766-cc326314d9f1,63262.481369200046,0.951259028079714,1.5036701177245375e-05,11.23156235192186,197.5039364093037,20.0,0.1908007632360701,3.473235673030757,0.3397643629272197,4.0038007991940425,0.0,United Kingdom,GBR,england,,,Windows-11-10.0.26100-SP0,3.13.0,3.2.6,28,Intel(R) Core(TM) i7-14700,1,1 x NVIDIA GeForce RTX 5070,-2.3329,51.7694,63.71231842041016,machine,0.9459982760822372,96.16602285787256,36.0873802834887,22.99222941606259,N,1.0,0.0
2026-04-20T10:53:53,trm_official_maze_train,5b839fb3-dab2-4c4f-91c9-91c519788cfb,5b0fa12a-3dd7-45bb-9766-cc326314d9f1,64882.142265400034,0.9755985266277284,1.5036472171912083e-05,11.231485062700688,197.49683866279688,20.0,0.1956818927875442,3.562104074958768,0.3484585411649958,4.106244508911304,0.0,United Kingdom,GBR,england,,,Windows-11-10.0.26100-SP0,3.13.0,3.2.6,28,Intel(R) Core(TM) i7-14700,1,1 x NVIDIA GeForce RTX 5070,-2.3329,51.7694,63.71231842041016,machine,0.9457144635881152,96.16458887799412,36.07802057555524,22.98622777366232,N,1.0,0.0
2026-04-20T11:20:53,trm_official_maze_train,5b839fb3-dab2-4c4f-91c9-91c519788cfb,5b0fa12a-3dd7-45bb-9766-cc326314d9f1,66501.80535789998,0.9999686847622667,1.5036714858801604e-05,11.231370575893289,197.48068980010515,20.0,0.2005623474549435,3.651102315323961,0.3571526004877728,4.208817263266675,0.0,United Kingdom,GBR,england,,,Windows-11-10.0.26100-SP0,3.13.0,3.2.6,28,Intel(R) Core(TM) i7-14700,1,1 x NVIDIA GeForce RTX 5070,-2.3329,51.7694,63.71231842041016,machine,0.9390372788702452,96.16171892794776,36.06941614152304,22.98072896883108,N,1.0,0.0
2026-04-20T11:47:52,trm_official_maze_train,5b839fb3-dab2-4c4f-91c9-91c519788cfb,5b0fa12a-3dd7-45bb-9766-cc326314d9f1,68120.30013049999,1.024302246435102,1.5036666668714278e-05,11.231284532430712,197.48433491022905,20.0,0.2054411228324346,3.7399517747368094,0.3658430874094422,4.311235984978687,0.0,United Kingdom,GBR,england,,,Windows-11-10.0.26100-SP0,3.13.0,3.2.6,28,Intel(R) Core(TM) i7-14700,1,1 x NVIDIA GeForce RTX 5070,-2.3329,51.7694,63.71231842041016,machine,0.9358850823487554,96.15973138443748,36.06081207287605,22.975189260444928,N,1.0,0.0
2026-04-20T12:14:51,trm_official_maze_train,5b839fb3-dab2-4c4f-91c9-91c519788cfb,5b0fa12a-3dd7-45bb-9766-cc326314d9f1,69739.68192950008,1.0486572161878502,1.5036736434329296e-05,11.231230778496068,197.48731977459664,20.0,0.2103216158673504,3.828887363385221,0.3745358329561121,4.413744812208686,0.0,United Kingdom,GBR,england,,,Windows-11-10.0.26100-SP0,3.13.0,3.2.6,28,Intel(R) Core(TM) i7-14700,1,1 x NVIDIA GeForce RTX 5070,-2.3329,51.7694,63.71231842041016,machine,0.9327613669273096,96.15906458152332,36.05429626411816,22.970932936150547,N,1.0,0.0
2026-04-20T12:41:50,trm_official_maze_train,5b839fb3-dab2-4c4f-91c9-91c519788cfb,5b0fa12a-3dd7-45bb-9766-cc326314d9f1,71358.58470630005,1.0730006232622284,1.503674193761716e-05,11.231209894529018,197.4906293277029,20.0,0.2152009969893414,3.9177781292199967,0.3832258465049983,4.516204972714342,0.0,United Kingdom,GBR,england,,,Windows-11-10.0.26100-SP0,3.13.0,3.2.6,28,Intel(R) Core(TM) i7-14700,1,1 x NVIDIA GeForce RTX 5070,-2.3329,51.7694,63.71231842041016,machine,0.9313035110312328,96.15828651486632,36.04871998075373,22.96734249531264,N,1.0,0.0
2026-04-20T13:08:50,trm_official_maze_train,5b839fb3-dab2-4c4f-91c9-91c519788cfb,5b0fa12a-3dd7-45bb-9766-cc326314d9f1,72978.58892700006,1.0973519465329566,1.5036628724496573e-05,11.231176459901604,197.49177003075764,20.0,0.2200837240306413,4.00669270062938,0.3919220274272201,4.618698452087243,0.0,United Kingdom,GBR,england,,,Windows-11-10.0.26100-SP0,3.13.0,3.2.6,28,Intel(R) Core(TM) i7-14700,1,1 x NVIDIA GeForce RTX 5070,-2.3329,51.7694,63.71231842041016,machine,0.9319094469121452,96.15492548466104,36.04226133643295,22.96324748064676,N,1.0,0.0
2026-04-20T13:35:49,trm_official_maze_train,5b839fb3-dab2-4c4f-91c9-91c519788cfb,5b0fa12a-3dd7-45bb-9766-cc326314d9f1,74597.8544516,1.1216878251446103,1.503646228689292e-05,11.231066615732592,197.4923126893692,20.0,0.2249625704797367,4.095550214493109,0.4006141407038858,4.721126925676736,0.0,United Kingdom,GBR,england,,,Windows-11-10.0.26100-SP0,3.13.0,3.2.6,28,Intel(R) Core(TM) i7-14700,1,1 x NVIDIA GeForce RTX 5070,-2.3329,51.7694,63.71231842041016,machine,0.9294097739271694,96.15241640720184,36.035238933261134,22.958709339510044,N,1.0,0.0
2026-04-20T14:02:48,trm_official_maze_train,5b839fb3-dab2-4c4f-91c9-91c519788cfb,5b0fa12a-3dd7-45bb-9766-cc326314d9f1,76216.83579070005,1.145990412726953,1.5035922192755032e-05,11.231024514116854,197.4863403080992,20.0,0.2298419327127276,4.184268682134494,0.4093046641722235,4.823415279019452,0.0,United Kingdom,GBR,england,,,Windows-11-10.0.26100-SP0,3.13.0,3.2.6,28,Intel(R) Core(TM) i7-14700,1,1 x NVIDIA GeForce RTX 5070,-2.3329,51.7694,63.71231842041016,machine,0.9324279202883188,96.15149989400042,36.02973288106848,22.95527053273581,N,1.0,0.0
2026-04-20T14:29:47,trm_official_maze_train,5b839fb3-dab2-4c4f-91c9-91c519788cfb,5b0fa12a-3dd7-45bb-9766-cc326314d9f1,77835.39704850002,1.1703266510132486,1.50359180448968e-05,11.231134295346006,197.48654926663392,20.0,0.2347230852504401,4.2731293535007495,0.4179928277099979,4.925845266461192,0.0,United Kingdom,GBR,england,,,Windows-11-10.0.26100-SP0,3.13.0,3.2.6,28,Intel(R) Core(TM) i7-14700,1,1 x NVIDIA GeForce RTX 5070,-2.3329,51.7694,63.71231842041016,machine,0.9348699318845282,96.14789490755756,36.02700486539085,22.953508040297933,N,1.0,0.0
2026-04-20T14:56:47,trm_official_maze_train,5b839fb3-dab2-4c4f-91c9-91c519788cfb,5b0fa12a-3dd7-45bb-9766-cc326314d9f1,79455.58442229999,1.1946691583393492,1.5035685245102214e-05,11.23106081275372,197.48275566178933,20.0,0.2396055129038938,4.362006186824388,0.426689940243884,5.028301639972172,0.0,United Kingdom,GBR,england,,,Windows-11-10.0.26100-SP0,3.13.0,3.2.6,28,Intel(R) Core(TM) i7-14700,1,1 x NVIDIA GeForce RTX 5070,-2.3329,51.7694,63.71231842041016,machine,0.9372365845598516,96.14503418998956,36.02407026106408,22.95161566090313,N,1.0,0.0
2026-04-20T15:23:46,trm_official_maze_train,5b839fb3-dab2-4c4f-91c9-91c519788cfb,5b0fa12a-3dd7-45bb-9766-cc326314d9f1,81074.85843390005,1.2190360928276611,1.50359324256056e-05,11.230955268084896,197.4797514806316,20.0,0.2444844229921592,4.450994309681491,0.4353820934911067,5.130860826164764,0.0,United Kingdom,GBR,england,,,Windows-11-10.0.26100-SP0,3.13.0,3.2.6,28,Intel(R) Core(TM) i7-14700,1,1 x NVIDIA GeForce RTX 5070,-2.3329,51.7694,63.71231842041016,machine,0.9424658387414208,96.14104208966008,36.02115195376241,22.94985727641919,N,1.0,0.0
2026-04-20T15:52:36,trm_official_maze_train,5b839fb3-dab2-4c4f-91c9-91c519788cfb,5b0fa12a-3dd7-45bb-9766-cc326314d9f1,82804.83064970002,1.2451093868652805,1.5036675724060444e-05,11.23119493364438,197.4929828164973,20.0,0.2497039889470917,4.546228260868588,0.4446697429755554,5.2406019927912455,0.0,United Kingdom,GBR,england,,,Windows-11-10.0.26100-SP0,3.13.0,3.2.6,28,Intel(R) Core(TM) i7-14700,1,1 x NVIDIA GeForce RTX 5070,-2.3329,51.7694,63.71231842041016,machine,0.9484321832351542,96.14281706974984,36.01589647896772,22.9465260309284,N,1.0,0.0
2026-04-20T16:19:36,trm_official_maze_train,5b839fb3-dab2-4c4f-91c9-91c519788cfb,5b0fa12a-3dd7-45bb-9766-cc326314d9f1,84424.29107929999,1.2694828361553865,1.5036938065170809e-05,11.231286089873858,197.4977432697744,20.0,0.2545851994832608,4.635240588467283,0.453362811502225,5.343188599452774,0.0,United Kingdom,GBR,england,,,Windows-11-10.0.26100-SP0,3.13.0,3.2.6,28,Intel(R) Core(TM) i7-14700,1,1 x NVIDIA GeForce RTX 5070,-2.3329,51.7694,63.71231842041016,machine,0.9517799894731804,96.14154983492033,36.010789989951675,22.943331215072348,N,1.0,0.0
2026-04-20T16:46:35,trm_official_maze_train,5b839fb3-dab2-4c4f-91c9-91c519788cfb,5b0fa12a-3dd7-45bb-9766-cc326314d9f1,86043.53137900005,1.293768631108401,1.5036210280697063e-05,11.231386711181274,197.4857086445474,20.0,0.2594655746948475,4.72388595743908,0.4620547413400073,5.4454062734739415,0.0,United Kingdom,GBR,england,,,Windows-11-10.0.26100-SP0,3.13.0,3.2.6,28,Intel(R) Core(TM) i7-14700,1,1 x NVIDIA GeForce RTX 5070,-2.3329,51.7694,63.71231842041016,machine,0.9550036385830653,96.14040235686284,36.00553416746872,22.940085904777725,N,1.0,0.0
2026-04-20T17:13:34,trm_official_maze_train,5b839fb3-dab2-4c4f-91c9-91c519788cfb,5b0fa12a-3dd7-45bb-9766-cc326314d9f1,87662.77899190004,1.3180740387163066,1.5035731856482618e-05,11.231938331620428,197.4611566526125,20.0,0.264346623183678,4.812613204809708,0.4707466681672306,5.547706496160622,0.0,United Kingdom,GBR,england,,,Windows-11-10.0.26100-SP0,3.13.0,3.2.6,28,Intel(R) Core(TM) i7-14700,1,1 x NVIDIA GeForce RTX 5070,-2.3329,51.7694,63.71231842041016,machine,0.957287358440571,96.14060897915924,36.001072568288386,22.9372425955002,N,1.0,0.0
2026-04-20T17:40:33,trm_official_maze_train,5b839fb3-dab2-4c4f-91c9-91c519788cfb,5b0fa12a-3dd7-45bb-9766-cc326314d9f1,89281.86921600008,1.34241721062692,1.5035720269019043e-05,11.231926436317297,197.4643212799584,20.0,0.2692287980817429,4.901496268693883,0.4794406000983367,5.650165666873968,0.0,United Kingdom,GBR,england,,,Windows-11-10.0.26100-SP0,3.13.0,3.2.6,28,Intel(R) Core(TM) i7-14700,1,1 x NVIDIA GeForce RTX 5070,-2.3329,51.7694,63.71231842041016,machine,0.9666742078888724,96.13799305453436,35.996040858341914,22.933994888009305,N,1.0,0.0
2026-04-20T18:07:34,trm_official_maze_train,5b839fb3-dab2-4c4f-91c9-91c519788cfb,5b0fa12a-3dd7-45bb-9766-cc326314d9f1,90902.48400250007,1.3667764184010955,1.5035633331686571e-05,11.231938728521904,197.46553343003905,20.0,0.2741144874294035,4.990437745680339,0.4881400986105574,5.752692331720303,0.0,United Kingdom,GBR,england,,,Windows-11-10.0.26100-SP0,3.13.0,3.2.6,28,Intel(R) Core(TM) i7-14700,1,1 x NVIDIA GeForce RTX 5070,-2.3329,51.7694,63.71231842041016,machine,0.9669470152321488,96.1342451142689,35.99104514093348,22.930759803276693,N,1.0,0.0
2026-04-20T18:34:34,trm_official_maze_train,5b839fb3-dab2-4c4f-91c9-91c519788cfb,5b0fa12a-3dd7-45bb-9766-cc326314d9f1,92522.99873550003,1.3911084556168605,1.503527203645538e-05,11.231863035007043,197.4623407716473,20.0,0.2789978875147652,5.079267730633156,0.4968390189222288,5.855104637070152,0.0,United Kingdom,GBR,england,,,Windows-11-10.0.26100-SP0,3.13.0,3.2.6,28,Intel(R) Core(TM) i7-14700,1,1 x NVIDIA GeForce RTX 5070,-2.3329,51.7694,63.71231842041016,machine,0.9606542882404951,96.13229852310312,35.986674089356086,22.92804758296111,N,1.0,0.0
2026-04-20T19:01:34,trm_official_maze_train,5b839fb3-dab2-4c4f-91c9-91c519788cfb,5b0fa12a-3dd7-45bb-9766-cc326314d9f1,94142.8602148,1.4154597999727825,1.5035232589526326e-05,11.231823906414943,197.4643816861,20.0,0.2838801090864709,5.168183678432527,0.5055344176705627,5.957598205189559,0.0,United Kingdom,GBR,england,,,Windows-11-10.0.26100-SP0,3.13.0,3.2.6,28,Intel(R) Core(TM) i7-14700,1,1 x NVIDIA GeForce RTX 5070,-2.3329,51.7694,63.71231842041016,machine,0.9589267706567682,96.13081725921,35.98216898749115,22.92516800944294,N,1.0,0.0
2026-04-20T19:28:34,trm_official_maze_train,5b839fb3-dab2-4c4f-91c9-91c519788cfb,5b0fa12a-3dd7-45bb-9766-cc326314d9f1,95762.7372035,1.4398067061568696,1.5035145696568983e-05,11.231890392419071,197.46616089971647,20.0,0.2887648077592555,5.257078433159386,0.5142298523511225,6.060073093269762,0.0,United Kingdom,GBR,england,,,Windows-11-10.0.26100-SP0,3.13.0,3.2.6,28,Intel(R) Core(TM) i7-14700,1,1 x NVIDIA GeForce RTX 5070,-2.3329,51.7694,63.71231842041016,machine,0.965056899079279,96.12880601579886,35.98029783688579,22.923990667666548,N,1.0,0.0
2026-04-20T19:55:33,trm_official_maze_train,5b839fb3-dab2-4c4f-91c9-91c519788cfb,5b0fa12a-3dd7-45bb-9766-cc326314d9f1,97381.68754050008,1.4641458547046962,1.5035125100864292e-05,11.231917003102955,197.4687729868384,20.0,0.293644574610377,5.345950530368121,0.5229202248755696,6.16251532985406,0.0,United Kingdom,GBR,england,,,Windows-11-10.0.26100-SP0,3.13.0,3.2.6,28,Intel(R) Core(TM) i7-14700,1,1 x NVIDIA GeForce RTX 5070,-2.3329,51.7694,63.71231842041016,machine,0.9674911844015764,96.12842771209291,35.976713337481854,22.92167582908524,N,1.0,0.0
2026-04-20T20:22:33,trm_official_maze_train,5b839fb3-dab2-4c4f-91c9-91c519788cfb,5b0fa12a-3dd7-45bb-9766-cc326314d9f1,99001.51916190004,1.4884955517417118,1.503507788913352e-05,11.231903281299926,197.4701755794224,20.0,0.2985263878752675,5.434860089273485,0.5316154873433477,6.265001964492093,0.0,United Kingdom,GBR,england,,,Windows-11-10.0.26100-SP0,3.13.0,3.2.6,28,Intel(R) Core(TM) i7-14700,1,1 x NVIDIA GeForce RTX 5070,-2.3329,51.7694,63.71231842041016,machine,0.961065260194036,96.12690899074708,35.97428970751762,22.92012563068987,N,1.0,0.0
2026-04-20T20:49:33,trm_official_maze_train,5b839fb3-dab2-4c4f-91c9-91c519788cfb,5b0fa12a-3dd7-45bb-9766-cc326314d9f1,100621.32732080005,1.5128463973078528,1.503504711764146e-05,11.23192975687346,197.4721547055046,20.0,0.3034092531331805,5.523773542904188,0.5403106371933508,6.367493433230717,0.0,United Kingdom,GBR,england,,,Windows-11-10.0.26100-SP0,3.13.0,3.2.6,28,Intel(R) Core(TM) i7-14700,1,1 x NVIDIA GeForce RTX 5070,-2.3329,51.7694,63.71231842041016,machine,0.9500110412944412,96.12387328608996,35.97109489490695,22.91816218746062,N,1.0,0.0
2026-04-20T21:16:32,trm_official_maze_train,5b839fb3-dab2-4c4f-91c9-91c519788cfb,5b0fa12a-3dd7-45bb-9766-cc326314d9f1,102240.99036470008,1.5371751885124958,1.5034822951433613e-05,11.231938978818429,197.4702445424636,20.0,0.3082912436064251,5.612595831739746,0.5490050009389021,6.46989207628508,0.0,United Kingdom,GBR,england,,,Windows-11-10.0.26100-SP0,3.13.0,3.2.6,28,Intel(R) Core(TM) i7-14700,1,1 x NVIDIA GeForce RTX 5070,-2.3329,51.7694,63.71231842041016,machine,0.9496458524731056,96.12152644005177,35.96834306374655,22.916511405183083,N,1.0,0.0
2026-04-20T21:43:30,trm_official_maze_train,5b839fb3-dab2-4c4f-91c9-91c519788cfb,5b0fa12a-3dd7-45bb-9766-cc326314d9f1,103859.16807390004,1.5614835886562448,1.503462445939472e-05,11.232132185181667,197.46772674480056,20.0,0.3131726362578306,5.701341184124857,0.557691074020015,6.572204894402708,0.0,United Kingdom,GBR,england,,,Windows-11-10.0.26100-SP0,3.13.0,3.2.6,28,Intel(R) Core(TM) i7-14700,1,1 x NVIDIA GeForce RTX 5070,-2.3329,51.7694,63.71231842041016,machine,0.9605591753379364,96.1211027910143,35.965879607118545,22.91492559059601,N,1.0,0.0
2026-04-20T22:10:29,trm_official_maze_train,5b839fb3-dab2-4c4f-91c9-91c519788cfb,5b0fa12a-3dd7-45bb-9766-cc326314d9f1,105477.48300830009,1.585799262020338,1.5034481453217372e-05,11.232408416685791,197.45440918232453,20.0,0.3180523115923611,5.790118148479706,0.5663778650622397,6.674548325134321,0.0,United Kingdom,GBR,england,,,Windows-11-10.0.26100-SP0,3.13.0,3.2.6,28,Intel(R) Core(TM) i7-14700,1,1 x NVIDIA GeForce RTX 5070,-2.3329,51.7694,63.71231842041016,machine,0.955025279607783,96.11999195648843,35.95674697410755,22.90910653876586,N,1.0,0.0
2026-04-20T22:37:28,trm_official_maze_train,5b839fb3-dab2-4c4f-91c9-91c519788cfb,5b0fa12a-3dd7-45bb-9766-cc326314d9f1,107096.3611762001,1.6100855161876482,1.5033989003031186e-05,11.232347443324551,197.4496429643821,20.0,0.3229326147036911,5.878764711896899,0.5750706053644636,6.776767931965066,0.0,United Kingdom,GBR,england,,,Windows-11-10.0.26100-SP0,3.13.0,3.2.6,28,Intel(R) Core(TM) i7-14700,1,1 x NVIDIA GeForce RTX 5070,-2.3329,51.7694,63.71231842041016,machine,0.950360261802818,96.11886753305544,35.94812512967539,22.903619011563222,N,1.0,0.0
2026-04-20T23:04:26,trm_official_maze_train,5b839fb3-dab2-4c4f-91c9-91c519788cfb,5b0fa12a-3dd7-45bb-9766-cc326314d9f1,108714.35969220009,1.6343437961481837,1.5033375542802764e-05,11.232304309386263,197.4413001394667,20.0,0.3278089441522511,5.967305208562571,0.5837556440694619,6.8788697967842936,0.0,United Kingdom,GBR,england,,,Windows-11-10.0.26100-SP0,3.13.0,3.2.6,28,Intel(R) Core(TM) i7-14700,1,1 x NVIDIA GeForce RTX 5070,-2.3329,51.7694,63.71231842041016,machine,0.9472643656803084,96.11853950852418,35.941474427463184,22.89933113133231,N,1.0,0.0
2026-04-20T23:31:21,trm_official_maze_train,5b839fb3-dab2-4c4f-91c9-91c519788cfb,5b0fa12a-3dd7-45bb-9766-cc326314d9f1,110329.94945210007,1.658590064735721,1.50329994074347e-05,11.232913949760423,197.436626473966,20.0,0.3326969760656341,6.05579667102235,0.5924274592583502,6.980921106346344,0.0,United Kingdom,GBR,england,,,Windows-11-10.0.26100-SP0,3.13.0,3.2.6,28,Intel(R) Core(TM) i7-14700,1,1 x NVIDIA GeForce RTX 5070,-2.3329,51.7694,63.71231842041016,machine,0.9489335017759712,96.1187795232341,35.95582317184811,22.908480393209523,N,1.0,0.0
2026-04-20T23:58:20,trm_official_maze_train,5b839fb3-dab2-4c4f-91c9-91c519788cfb,5b0fa12a-3dd7-45bb-9766-cc326314d9f1,111948.1471674,1.6828574438667865,1.5032472501312153e-05,11.233079082693065,197.428377654972,20.0,0.337580127899068,6.144367568267903,0.6011135729439042,7.083061269110887,0.0,United Kingdom,GBR,england,,,Windows-11-10.0.26100-SP0,3.13.0,3.2.6,28,Intel(R) Core(TM) i7-14700,1,1 x NVIDIA GeForce RTX 5070,-2.3329,51.7694,63.71231842041016,machine,0.9547050650498928,96.11910175210669,35.98232465399953,22.9253506771714,N,1.0,0.0
2026-04-21T00:25:20,trm_official_maze_train,5b839fb3-dab2-4c4f-91c9-91c519788cfb,5b0fa12a-3dd7-45bb-9766-cc326314d9f1,113568.17493830004,1.7071135322626116,1.5031618965348892e-05,11.233084854324304,197.41495079242804,20.0,0.3424647308352971,6.232879272966102,0.609809905944462,7.185153909745871,0.0,United Kingdom,GBR,england,,,Windows-11-10.0.26100-SP0,3.13.0,3.2.6,28,Intel(R) Core(TM) i7-14700,1,1 x NVIDIA GeForce RTX 5070,-2.3329,51.7694,63.71231842041016,machine,0.958709011837319,96.11855106233492,36.008167839133414,22.94184004758465,N,1.0,0.0
2026-04-21T00:52:19,trm_official_maze_train,5b839fb3-dab2-4c4f-91c9-91c519788cfb,5b0fa12a-3dd7-45bb-9766-cc326314d9f1,115187.96604610002,1.731348704073987,1.5030638733399236e-05,11.233023400448634,197.39638244512324,20.0,0.3473465751023644,6.321306950097075,0.6185049883427943,7.28715851354224,0.0,United Kingdom,GBR,england,,,Windows-11-10.0.26100-SP0,3.13.0,3.2.6,28,Intel(R) Core(TM) i7-14700,1,1 x NVIDIA GeForce RTX 5070,-2.3329,51.7694,63.71231842041016,machine,0.9594095261478024,96.11824383571252,36.03374136298271,22.95817280374278,N,1.0,0.0
2026-04-21T01:19:18,trm_official_maze_train,5b839fb3-dab2-4c4f-91c9-91c519788cfb,5b0fa12a-3dd7-45bb-9766-cc326314d9f1,116806.8191948,1.7555792052015726,1.502976638952709e-05,11.232979889632318,197.3856728643216,20.0,0.3522274232671498,6.409718507492926,0.6271975279083475,7.3891434586684275,0.0,United Kingdom,GBR,england,,,Windows-11-10.0.26100-SP0,3.13.0,3.2.6,28,Intel(R) Core(TM) i7-14700,1,1 x NVIDIA GeForce RTX 5070,-2.3329,51.7694,63.71231842041016,machine,0.9582752537917436,96.1182660878889,36.05831935389032,22.97385439226134,N,1.0,0.0
2026-04-21T01:46:18,trm_official_maze_train,5b839fb3-dab2-4c4f-91c9-91c519788cfb,5b0fa12a-3dd7-45bb-9766-cc326314d9f1,118426.97797540003,1.7797867022874034,1.5028557957943546e-05,11.232946402199168,197.3702126212281,20.0,0.3571110019433315,6.498026102305616,0.6358944767055655,7.49103158095452,0.0,United Kingdom,GBR,england,,,Windows-11-10.0.26100-SP0,3.13.0,3.2.6,28,Intel(R) Core(TM) i7-14700,1,1 x NVIDIA GeForce RTX 5070,-2.3329,51.7694,63.71231842041016,machine,0.96250202560363,96.1161203933509,36.08255592798233,22.98925791674217,N,1.0,0.0
2026-04-21T02:13:18,trm_official_maze_train,5b839fb3-dab2-4c4f-91c9-91c519788cfb,5b0fa12a-3dd7-45bb-9766-cc326314d9f1,120046.4635798001,1.8039901744141893,1.5027432884059922e-05,11.232955327053071,197.354414665446,20.0,0.3619927003827365,6.586322219609123,0.6445878424011228,7.592902762392997,0.0,United Kingdom,GBR,england,,,Windows-11-10.0.26100-SP0,3.13.0,3.2.6,28,Intel(R) Core(TM) i7-14700,1,1 x NVIDIA GeForce RTX 5070,-2.3329,51.7694,63.71231842041016,machine,0.9660115101134183,96.11443644196144,36.10573654629287,23.003978315656447,N,1.0,0.0
2026-04-21T02:40:17,trm_official_maze_train,5b839fb3-dab2-4c4f-91c9-91c519788cfb,5b0fa12a-3dd7-45bb-9766-cc326314d9f1,121665.39934420004,1.8281784533982728,1.5026280793491882e-05,11.23290765016326,197.33849092474225,20.0,0.3668718318032949,6.674560074366006,0.6532780904983425,7.694709996667661,0.0,United Kingdom,GBR,england,,,Windows-11-10.0.26100-SP0,3.13.0,3.2.6,28,Intel(R) Core(TM) i7-14700,1,1 x NVIDIA GeForce RTX 5070,-2.3329,51.7694,63.71231842041016,machine,0.9655074509152796,96.11317089369474,36.12820306338467,23.01831840058152,N,1.0,0.0
2026-04-21T03:07:16,trm_official_maze_train,5b839fb3-dab2-4c4f-91c9-91c519788cfb,5b0fa12a-3dd7-45bb-9766-cc326314d9f1,123284.48371960002,1.852327368997152,1.502482155994676e-05,11.232850271414318,197.31806889558203,20.0,0.3717512435232688,6.762631134822804,0.6619691741127868,7.796351552458875,0.0,United Kingdom,GBR,england,,,Windows-11-10.0.26100-SP0,3.13.0,3.2.6,28,Intel(R) Core(TM) i7-14700,1,1 x NVIDIA GeForce RTX 5070,-2.3329,51.7694,63.71231842041016,machine,0.9690513448634654,96.113758326028,36.15020277411373,23.0322861722508,N,1.0,0.0
2026-04-21T03:34:15,trm_official_maze_train,5b839fb3-dab2-4c4f-91c9-91c519788cfb,5b0fa12a-3dd7-45bb-9766-cc326314d9f1,124903.64133500004,1.8765129849909108,1.5023685177904263e-05,11.23276740651869,197.30242379390248,20.0,0.3766299735933866,6.850856932070052,0.6706606726794493,7.898147578342898,0.0,United Kingdom,GBR,england,,,Windows-11-10.0.26100-SP0,3.13.0,3.2.6,28,Intel(R) Core(TM) i7-14700,1,1 x NVIDIA GeForce RTX 5070,-2.3329,51.7694,63.71231842041016,machine,0.9652698145707148,96.11223606854334,36.17158152661755,23.04588300592837,N,1.0,0.0
2026-04-21T04:01:13,trm_official_maze_train,5b839fb3-dab2-4c4f-91c9-91c519788cfb,5b0fa12a-3dd7-45bb-9766-cc326314d9f1,126522.0690409001,1.9007130298556807,1.5022778589253457e-05,11.232754363487508,197.28925948657,20.0,0.3815087104753838,6.939147555202489,0.6793480689322285,8.00000433461011,0.0,United Kingdom,GBR,england,,,Windows-11-10.0.26100-SP0,3.13.0,3.2.6,28,Intel(R) Core(TM) i7-14700,1,1 x NVIDIA GeForce RTX 5070,-2.3329,51.7694,63.71231842041016,machine,0.9674280103144632,96.1129800975563,36.19333471711067,23.059787012770315,N,1.0,0.0
2026-04-21T04:28:11,trm_official_maze_train,5b839fb3-dab2-4c4f-91c9-91c519788cfb,5b0fa12a-3dd7-45bb-9766-cc326314d9f1,128139.21306840004,1.9249099074121223,1.5022020670476692e-05,11.23154901271016,197.25983067880065,20.0,0.3863879347500695,7.027347990485012,0.6881118346027854,8.101847759837884,0.0,United Kingdom,GBR,england,,,Windows-11-10.0.26100-SP0,3.13.0,3.2.6,28,Intel(R) Core(TM) i7-14700,1,1 x NVIDIA GeForce RTX 5070,-2.3329,51.7694,63.71231842041016,machine,0.9650073702713994,96.11323416968176,36.216422698859375,23.07452726044267,N,1.0,0.0
2026-04-21T04:55:10,trm_official_maze_train,5b839fb3-dab2-4c4f-91c9-91c519788cfb,5b0fa12a-3dd7-45bb-9766-cc326314d9f1,129758.25370920009,1.949064670555116,1.50207375241281e-05,11.231512043105797,197.24277213037504,20.0,0.3912688266561139,7.115439671791634,0.6968054291966724,8.203513927644446,0.0,United Kingdom,GBR,england,,,Windows-11-10.0.26100-SP0,3.13.0,3.2.6,28,Intel(R) Core(TM) i7-14700,1,1 x NVIDIA GeForce RTX 5070,-2.3329,51.7694,63.71231842041016,machine,0.9658752646655872,96.1131678913937,36.23797094905966,23.08831451568409,N,1.0,0.0
2026-04-21T05:22:09,trm_official_maze_train,5b839fb3-dab2-4c4f-91c9-91c519788cfb,5b0fa12a-3dd7-45bb-9766-cc326314d9f1,131377.8099178,1.97323963917228,1.5019580859255376e-05,11.231486899088855,197.227004654172,20.0,0.3961501907097214,7.203615670387926,0.7054992781650072,8.30526513926268,0.0,United Kingdom,GBR,england,,,Windows-11-10.0.26100-SP0,3.13.0,3.2.6,28,Intel(R) Core(TM) i7-14700,1,1 x NVIDIA GeForce RTX 5070,-2.3329,51.7694,63.71231842041016,machine,0.9676287423308167,96.11191241369768,36.25866483170083,23.10158101600193,N,1.0,0.0
2026-04-21T05:49:08,trm_official_maze_train,5b839fb3-dab2-4c4f-91c9-91c519788cfb,5b0fa12a-3dd7-45bb-9766-cc326314d9f1,132996.14107560006,1.997416934088384,1.5018608193699216e-05,11.2314729890605,197.21345596441145,20.0,0.4010279414235327,7.291812059278314,0.7141861414527857,8.407026142154665,0.0,United Kingdom,GBR,england,,,Windows-11-10.0.26100-SP0,3.13.0,3.2.6,28,Intel(R) Core(TM) i7-14700,1,1 x NVIDIA GeForce RTX 5070,-2.3329,51.7694,63.71231842041016,machine,0.9710742169699548,96.11124191147432,36.27909666737552,23.11458408668496,N,1.0,0.0
2026-04-21T06:16:06,trm_official_maze_train,5b839fb3-dab2-4c4f-91c9-91c519788cfb,5b0fa12a-3dd7-45bb-9766-cc326314d9f1,134614.6788934,2.021647700546579,1.5018033079048545e-05,11.231428853084518,197.2062929588477,20.0,0.4059053181312483,7.380232755570368,0.7228741303422291,8.509012204043874,0.0,United Kingdom,GBR,england,,,Windows-11-10.0.26100-SP0,3.13.0,3.2.6,28,Intel(R) Core(TM) i7-14700,1,1 x NVIDIA GeForce RTX 5070,-2.3329,51.7694,63.71231842041016,machine,0.9698836947550086,96.11149546034366,36.29904854806033,23.1273089979562,N,1.0,0.0
2026-04-21T06:43:05,trm_official_maze_train,5b839fb3-dab2-4c4f-91c9-91c519788cfb,5b0fa12a-3dd7-45bb-9766-cc326314d9f1,136233.7925349,2.045861377220443,1.5017282710501795e-05,11.231377813941169,197.1960088344157,20.0,0.4107841886284174,7.468576839301136,0.7315653079716754,8.610926335901256,0.0,United Kingdom,GBR,england,,,Windows-11-10.0.26100-SP0,3.13.0,3.2.6,28,Intel(R) Core(TM) i7-14700,1,1 x NVIDIA GeForce RTX 5070,-2.3329,51.7694,63.71231842041016,machine,0.9644255293908298,96.11259564624235,36.318496796963046,23.13968576438289,N,1.0,0.0
2026-04-21T07:10:03,trm_official_maze_train,5b839fb3-dab2-4c4f-91c9-91c519788cfb,5b0fa12a-3dd7-45bb-9766-cc326314d9f1,137851.54922000004,2.0700525236153817,1.501653434675401e-05,11.231376482531276,197.18421878622647,20.0,0.4156606571914891,7.556835999630636,0.7402489821400061,8.712745638962167,0.0,United Kingdom,GBR,england,,,Windows-11-10.0.26100-SP0,3.13.0,3.2.6,28,Intel(R) Core(TM) i7-14700,1,1 x NVIDIA GeForce RTX 5070,-2.3329,51.7694,63.71231842041016,machine,0.9674060070490133,96.11323851604348,36.338935906736126,23.1526988439124,N,1.0,0.0
2026-04-21T07:37:03,trm_official_maze_train,5b839fb3-dab2-4c4f-91c9-91c519788cfb,5b0fa12a-3dd7-45bb-9766-cc326314d9f1,139471.08501310006,2.0942615367882267,1.5015739904737385e-05,11.231331282035088,197.16793295576988,20.0,0.4205406669310642,7.645157731121294,0.7489417443288956,8.814640142381286,0.0,United Kingdom,GBR,england,,,Windows-11-10.0.26100-SP0,3.13.0,3.2.6,28,Intel(R) Core(TM) i7-14700,1,1 x NVIDIA GeForce RTX 5070,-2.3329,51.7694,63.71231842041016,machine,0.9674534314435528,96.11279295460471,36.35875966858831,23.16531031552857,N,1.0,0.0
2026-04-21T08:04:02,trm_official_maze_train,5b839fb3-dab2-4c4f-91c9-91c519788cfb,5b0fa12a-3dd7-45bb-9766-cc326314d9f1,141090.51986410003,2.118529564046889,1.501539271446076e-05,11.231326346236768,197.1626625548712,20.00210814799199,0.4254238602162811,7.733640903852219,0.7577182690133347,8.91678303308187,0.0,United Kingdom,GBR,england,,,Windows-11-10.0.26100-SP0,3.13.0,3.2.6,28,Intel(R) Core(TM) i7-14700,1,1 x NVIDIA GeForce RTX 5070,-2.3329,51.7694,63.71231842041016,machine,0.9657779623279088,96.11260103523078,36.37828019960051,23.177730064344843,N,1.0,0.0
2026-04-21T08:31:00,trm_official_maze_train,5b839fb3-dab2-4c4f-91c9-91c519788cfb,5b0fa12a-3dd7-45bb-9766-cc326314d9f1,142709.0064537,2.142790352921672,1.5015102453375085e-05,11.23130534822161,197.15709088076613,20.0,0.4303474431384996,7.8221414618748355,0.7664065527800071,9.01889545779338,0.0,United Kingdom,GBR,england,,,Windows-11-10.0.26100-SP0,3.13.0,3.2.6,28,Intel(R) Core(TM) i7-14700,1,1 x NVIDIA GeForce RTX 5070,-2.3329,51.7694,63.71231842041016,machine,0.96376087371975,96.1119825029551,36.39682264423383,23.189483246233667,N,1.0,0.0
2026-04-21T08:58:00,trm_official_maze_train,5b839fb3-dab2-4c4f-91c9-91c519788cfb,5b0fa12a-3dd7-45bb-9766-cc326314d9f1,144328.04966640007,2.1670570542519507,1.5014801760717253e-05,11.231293162982007,197.1543109216693,20.0,0.4352274810805031,7.91070780189451,0.7750974847538927,9.121032767728934,0.0,United Kingdom,GBR,england,,,Windows-11-10.0.26100-SP0,3.13.0,3.2.6,28,Intel(R) Core(TM) i7-14700,1,1 x NVIDIA GeForce RTX 5070,-2.3329,51.7694,63.71231842041016,machine,0.9633959253375138,96.1126586087918,36.41470713800802,23.20081766745172,N,1.0,0.0
2026-04-21T09:24:59,trm_official_maze_train,5b839fb3-dab2-4c4f-91c9-91c519788cfb,5b0fa12a-3dd7-45bb-9766-cc326314d9f1,145947.4177022,2.1913272176533987,1.5014498044252595e-05,11.23129796563382,197.15108407242835,20.0,0.4401086627377639,7.999285722756795,0.78379026385112,9.22318464934571,0.0,United Kingdom,GBR,england,,,Windows-11-10.0.26100-SP0,3.13.0,3.2.6,28,Intel(R) Core(TM) i7-14700,1,1 x NVIDIA GeForce RTX 5070,-2.3329,51.7694,63.71231842041016,machine,0.9602079094168292,96.11338122724692,36.43203632185818,23.21184292404336,N,1.0,0.0
2026-04-21T09:51:58,trm_official_maze_train,5b839fb3-dab2-4c4f-91c9-91c519788cfb,5b0fa12a-3dd7-45bb-9766-cc326314d9f1,147566.0723767,2.2155946964193727,1.501425538225008e-05,11.231289051251228,197.14877292176848,20.0,0.4449875300472296,8.087858710837352,0.792478990583894,9.32532523146851,0.0,United Kingdom,GBR,england,,,Windows-11-10.0.26100-SP0,3.13.0,3.2.6,28,Intel(R) Core(TM) i7-14700,1,1 x NVIDIA GeForce RTX 5070,-2.3329,51.7694,63.71231842041016,machine,0.956124390778161,96.1137191281967,36.44937640326378,23.222931429927367,N,1.0,0.0
2026-04-21T10:18:53,trm_official_maze_train,5b839fb3-dab2-4c4f-91c9-91c519788cfb,5b0fa12a-3dd7-45bb-9766-cc326314d9f1,149181.96994800004,2.239797984383939,1.5013865181996589e-05,11.231570169494994,197.1408474653488,20.0,0.4498613348350018,8.176181930662537,0.8011523722800086,9.427195637777585,0.0,United Kingdom,GBR,england,,,Windows-11-10.0.26100-SP0,3.13.0,3.2.6,28,Intel(R) Core(TM) i7-14700,1,1 x NVIDIA GeForce RTX 5070,-2.3329,51.7694,63.71231842041016,machine,0.958032473863821,96.11337414007907,36.466944504631385,23.23413521486309,N,1.0,0.0
2026-04-21T10:45:51,trm_official_maze_train,5b839fb3-dab2-4c4f-91c9-91c519788cfb,5b0fa12a-3dd7-45bb-9766-cc326314d9f1,150799.6754529,2.264076559491561,1.501380260064758e-05,11.231614765065618,197.14168207963505,20.0,0.454741139176042,8.26480316905947,0.809838615601673,9.529382923837217,0.0,United Kingdom,GBR,england,,,Windows-11-10.0.26100-SP0,3.13.0,3.2.6,28,Intel(R) Core(TM) i7-14700,1,1 x NVIDIA GeForce RTX 5070,-2.3329,51.7694,63.71231842041016,machine,0.9540066582266612,96.11316305956902,36.48454005318544,23.245312270212075,N,1.0,0.0
2026-04-21T11:12:53,trm_official_maze_train,5b839fb3-dab2-4c4f-91c9-91c519788cfb,5b0fa12a-3dd7-45bb-9766-cc326314d9f1,152421.23705690005,2.2883612385541725,1.5013401562276453e-05,11.231593535169404,197.136455966785,20.0,0.4596287153865762,8.353423763011442,0.8185434227344541,9.63159590113251,0.0,United Kingdom,GBR,england,,,Windows-11-10.0.26100-SP0,3.13.0,3.2.6,28,Intel(R) Core(TM) i7-14700,1,1 x NVIDIA GeForce RTX 5070,-2.3329,51.7694,63.71231842041016,machine,0.9527350325393984,96.11183347250387,36.500857555635086,23.255709002148706,N,1.0,0.0
2026-04-21T11:39:53,trm_official_maze_train,5b839fb3-dab2-4c4f-91c9-91c519788cfb,5b0fa12a-3dd7-45bb-9766-cc326314d9f1,154041.6764784,2.312669299043297,1.501327012217751e-05,11.231581535986145,197.1344907981208,20.0,0.4645130552236646,8.442152114271849,0.8272421201655645,9.733907289661122,0.0,United Kingdom,GBR,england,,,Windows-11-10.0.26100-SP0,3.13.0,3.2.6,28,Intel(R) Core(TM) i7-14700,1,1 x NVIDIA GeForce RTX 5070,-2.3329,51.7694,63.71231842041016,machine,0.9484189956589596,96.11009324712457,36.51639300187544,23.265634191139565,N,1.0,0.0
2026-04-21T12:06:53,trm_official_maze_train,5b839fb3-dab2-4c4f-91c9-91c519788cfb,5b0fa12a-3dd7-45bb-9766-cc326314d9f1,155661.0271183001,2.33701064307666,1.501346024975517e-05,11.231619399465874,197.1376003727282,20.0,0.4693962059837955,8.531027698983372,0.8359348619650111,9.83635876693222,0.0,United Kingdom,GBR,england,,,Windows-11-10.0.26100-SP0,3.13.0,3.2.6,28,Intel(R) Core(TM) i7-14700,1,1 x NVIDIA GeForce RTX 5070,-2.3329,51.7694,63.71231842041016,machine,0.9489393319965476,96.10995386142856,36.53300951973056,23.276192134158823,N,1.0,0.0
2026-04-21T12:33:52,trm_official_maze_train,5b839fb3-dab2-4c4f-91c9-91c519788cfb,5b0fa12a-3dd7-45bb-9766-cc326314d9f1,157280.32481200004,2.361339133574306,1.501356979264162e-05,11.23158130307068,197.14073021880884,20.0,0.4742760394770722,8.619852886432355,0.8446272184166801,9.938756144326147,0.0,United Kingdom,GBR,england,,,Windows-11-10.0.26100-SP0,3.13.0,3.2.6,28,Intel(R) Core(TM) i7-14700,1,1 x NVIDIA GeForce RTX 5070,-2.3329,51.7694,63.71231842041016,machine,0.9485472434876432,96.11053665930228,36.54493590402302,23.28381030882813,N,1.0,0.0
2026-04-21T13:00:52,trm_official_maze_train,5b839fb3-dab2-4c4f-91c9-91c519788cfb,5b0fa12a-3dd7-45bb-9766-cc326314d9f1,158900.00196280004,2.3856303896489184,1.5013406923729406e-05,11.231603093394302,197.1398162334752,20.0,0.4791586118254872,8.708516669307762,0.8533215227966776,10.040996803929968,0.0,United Kingdom,GBR,england,,,Windows-11-10.0.26100-SP0,3.13.0,3.2.6,28,Intel(R) Core(TM) i7-14700,1,1 x NVIDIA GeForce RTX 5070,-2.3329,51.7694,63.71231842041016,machine,0.9487880386759648,96.10852663899254,36.55361490588467,23.2893341511284,N,1.0,0.0
2026-04-21T13:27:51,trm_official_maze_train,5b839fb3-dab2-4c4f-91c9-91c519788cfb,5b0fa12a-3dd7-45bb-9766-cc326314d9f1,160519.70203040005,2.409866152271634,1.501289948703768e-05,11.231573540151894,197.13344395870888,20.0,0.4840399385283642,8.796947989219433,0.862015966673347,10.143003894421176,0.0,United Kingdom,GBR,england,,,Windows-11-10.0.26100-SP0,3.13.0,3.2.6,28,Intel(R) Core(TM) i7-14700,1,1 x NVIDIA GeForce RTX 5070,-2.3329,51.7694,63.71231842041016,machine,0.9468116972606964,96.10830727019868,36.5614861335733,23.294384566527803,N,1.0,0.0
2026-04-21T13:54:50,trm_official_maze_train,5b839fb3-dab2-4c4f-91c9-91c519788cfb,5b0fa12a-3dd7-45bb-9766-cc326314d9f1,162138.3819573,2.4341384503026258,1.5012721978091957e-05,11.231604105611028,197.13163294506447,20.0,0.488919777237187,8.885540370093281,0.870704613254459,10.24516476058498,0.0,United Kingdom,GBR,england,,,Windows-11-10.0.26100-SP0,3.13.0,3.2.6,28,Intel(R) Core(TM) i7-14700,1,1 x NVIDIA GeForce RTX 5070,-2.3329,51.7694,63.71231842041016,machine,0.9455981210010528,96.10773093432849,36.56982325198896,23.299685750205867,N,1.0,0.0
2026-04-21T14:23:43,trm_official_maze_train,5b839fb3-dab2-4c4f-91c9-91c519788cfb,5b0fa12a-3dd7-45bb-9766-cc326314d9f1,163871.41633320006,2.4601698354038946,1.5012806323719244e-05,11.231606713499778,197.1348773725041,20.0,0.4941451149679559,8.98057508000987,0.8800093396550119,10.35472953463289,0.0,United Kingdom,GBR,england,,,Windows-11-10.0.26100-SP0,3.13.0,3.2.6,28,Intel(R) Core(TM) i7-14700,1,1 x NVIDIA GeForce RTX 5070,-2.3329,51.7694,63.71231842041016,machine,0.9444675945902632,96.10856459507109,36.57820879513765,23.30500298792196,N,1.0,0.0
2026-04-21T14:50:44,trm_official_maze_train,5b839fb3-dab2-4c4f-91c9-91c519788cfb,5b0fa12a-3dd7-45bb-9766-cc326314d9f1,165492.3831491,2.484452564907936,1.5012488899078658e-05,11.231687570326178,197.1313123520333,20.0,0.4990351026411417,9.069188267011477,0.8887109366827926,10.456934306335452,0.0,United Kingdom,GBR,england,,,Windows-11-10.0.26100-SP0,3.13.0,3.2.6,28,Intel(R) Core(TM) i7-14700,1,1 x NVIDIA GeForce RTX 5070,-2.3329,51.7694,63.71231842041016,machine,0.9448388888549786,96.10628025221112,36.58249537633293,23.30777082972898,N,1.0,0.0
2026-04-21T15:17:43,trm_official_maze_train,5b839fb3-dab2-4c4f-91c9-91c519788cfb,5b0fa12a-3dd7-45bb-9766-cc326314d9f1,167111.6799641,2.508763511046696,1.5012496502851534e-05,11.231687367906376,197.132205264983,20.0,0.5039162524060106,9.157938309955902,0.8974032780544631,10.559257840416407,0.0,United Kingdom,GBR,england,,,Windows-11-10.0.26100-SP0,3.13.0,3.2.6,28,Intel(R) Core(TM) i7-14700,1,1 x NVIDIA GeForce RTX 5070,-2.3329,51.7694,63.71231842041016,machine,0.945989010656882,96.10649628550532,36.58646037973077,23.31026328672093,N,1.0,0.0
2026-04-21T15:44:43,trm_official_maze_train,5b839fb3-dab2-4c4f-91c9-91c519788cfb,5b0fa12a-3dd7-45bb-9766-cc326314d9f1,168731.0624223,2.533033472847087,1.501225344333702e-05,11.23180002946053,197.12990360437223,20.0,0.5088023019203167,9.246510584980337,0.90609598660391,10.661408873504602,0.0,United Kingdom,GBR,england,,,Windows-11-10.0.26100-SP0,3.13.0,3.2.6,28,Intel(R) Core(TM) i7-14700,1,1 x NVIDIA GeForce RTX 5070,-2.3329,51.7694,63.71231842041016,machine,0.9503813549175028,96.1056897914222,36.589328647716655,23.312067891740742,N,1.0,0.0
2026-04-21T16:11:42,trm_official_maze_train,5b839fb3-dab2-4c4f-91c9-91c519788cfb,5b0fa12a-3dd7-45bb-9766-cc326314d9f1,170350.84594310005,2.557359555396827,1.5012309103830496e-05,11.231821095689105,197.1320418792178,20.0,0.513685439130168,9.335319791305416,0.9147908855327972,10.763796115968434,0.0,United Kingdom,GBR,england,,,Windows-11-10.0.26100-SP0,3.13.0,3.2.6,28,Intel(R) Core(TM) i7-14700,1,1 x NVIDIA GeForce RTX 5070,-2.3329,51.7694,63.71231842041016,machine,0.9503086474658888,96.10491048926998,36.59110526034903,23.31319357007041,N,1.0,0.0
2026-04-21T16:38:44,trm_official_maze_train,5b839fb3-dab2-4c4f-91c9-91c519788cfb,5b0fa12a-3dd7-45bb-9766-cc326314d9f1,171972.2034473,2.581710029145223,1.501236814667188e-05,11.23182385045784,197.13425239438683,20.0,0.5185729547599728,9.424218749368976,0.9234943156161236,10.866286019745106,0.0,United Kingdom,GBR,england,,,Windows-11-10.0.26100-SP0,3.13.0,3.2.6,28,Intel(R) Core(TM) i7-14700,1,1 x NVIDIA GeForce RTX 5070,-2.3329,51.7694,63.71231842041016,machine,0.9497271547141438,96.10429797407237,36.59236973032665,23.313986690618467,N,1.0,0.0
2026-04-21T17:05:44,trm_official_maze_train,5b839fb3-dab2-4c4f-91c9-91c519788cfb,5b0fa12a-3dd7-45bb-9766-cc326314d9f1,173592.40169920004,2.605964736062276,1.5011974663371944e-05,11.23184872128647,197.129528961256,20.0,0.5234575606734554,9.512723600728355,0.9321916844044564,10.9683728458063,0.0,United Kingdom,GBR,england,,,Windows-11-10.0.26100-SP0,3.13.0,3.2.6,28,Intel(R) Core(TM) i7-14700,1,1 x NVIDIA GeForce RTX 5070,-2.3329,51.7694,63.71231842041016,machine,0.9471570641326296,96.10310334192624,36.59269233678796,23.314168536379405,N,1.0,0.0
2026-04-21T17:32:45,trm_official_maze_train,5b839fb3-dab2-4c4f-91c9-91c519788cfb,5b0fa12a-3dd7-45bb-9766-cc326314d9f1,175213.9279569001,2.6302563008214204,1.5011685038351646e-05,11.231867147089432,197.1263769137006,20.0,0.528346013734571,9.601372512480758,0.9408962784322328,11.070614804647596,0.0,United Kingdom,GBR,england,,,Windows-11-10.0.26100-SP0,3.13.0,3.2.6,28,Intel(R) Core(TM) i7-14700,1,1 x NVIDIA GeForce RTX 5070,-2.3329,51.7694,63.71231842041016,machine,0.947356617392708,96.10184373774877,36.59213442335632,23.31381131188389,N,1.0,0.0
2026-04-21T17:59:44,trm_official_maze_train,5b839fb3-dab2-4c4f-91c9-91c519788cfb,5b0fa12a-3dd7-45bb-9766-cc326314d9f1,176832.57651170006,2.654549398013123,1.5011653680437586e-05,11.231888692169138,197.12698555044847,20.0,0.5332255747830057,9.69005259648032,0.9495850421561194,11.17286321341948,0.0,United Kingdom,GBR,england,,,Windows-11-10.0.26100-SP0,3.13.0,3.2.6,28,Intel(R) Core(TM) i7-14700,1,1 x NVIDIA GeForce RTX 5070,-2.3329,51.7694,63.71231842041016,machine,0.947009494213214,96.10243696230876,36.59145349435031,23.31334039813477,N,1.0,0.0
2026-04-21T18:26:45,trm_official_maze_train,5b839fb3-dab2-4c4f-91c9-91c519788cfb,5b0fa12a-3dd7-45bb-9766-cc326314d9f1,178453.02694630006,2.678871085644199,1.501163152839275e-05,11.231935836150726,197.12761727367675,20.0,0.5381111900927348,9.778837043618935,0.9582837241827828,11.275231957894498,0.0,United Kingdom,GBR,england,,,Windows-11-10.0.26100-SP0,3.13.0,3.2.6,28,Intel(R) Core(TM) i7-14700,1,1 x NVIDIA GeForce RTX 5070,-2.3329,51.7694,63.71231842041016,machine,0.947137406740708,96.10232200070192,36.58822187503538,23.311254577482103,N,1.0,0.0
2026-04-21T18:53:45,trm_official_maze_train,5b839fb3-dab2-4c4f-91c9-91c519788cfb,5b0fa12a-3dd7-45bb-9766-cc326314d9f1,180073.57485550002,2.703190892466831,1.5011591204517409e-05,11.231930032720443,197.1282569711691,20.0,0.5429955139117377,9.867614410751884,0.966982861478897,11.377592786142577,0.0,United Kingdom,GBR,england,,,Windows-11-10.0.26100-SP0,3.13.0,3.2.6,28,Intel(R) Core(TM) i7-14700,1,1 x NVIDIA GeForce RTX 5070,-2.3329,51.7694,63.71231842041016,machine,0.9502740363848512,96.10262480295746,36.58322852446693,23.30813348787165,N,1.0,0.0
2026-04-21T19:20:46,trm_official_maze_train,5b839fb3-dab2-4c4f-91c9-91c519788cfb,5b0fa12a-3dd7-45bb-9766-cc326314d9f1,181694.2062312,2.7275211127647827,1.501160201715018e-05,11.231919167275995,197.12928600484423,20.0,0.5478806323216713,9.95643439014114,0.9756824217150092,11.479997444177888,0.0,United Kingdom,GBR,england,,,Windows-11-10.0.26100-SP0,3.13.0,3.2.6,28,Intel(R) Core(TM) i7-14700,1,1 x NVIDIA GeForce RTX 5070,-2.3329,51.7694,63.71231842041016,machine,0.948693742529119,96.10145386817892,36.5699991660412,23.299726994461206,N,1.0,0.0
2026-04-21T19:47:45,trm_official_maze_train,5b839fb3-dab2-4c4f-91c9-91c519788cfb,5b0fa12a-3dd7-45bb-9766-cc326314d9f1,183312.9840615001,2.7518473344460355,1.501174261351183e-05,11.231901317948664,197.13191924033435,20.0,0.5527593840940563,10.045254618419492,0.9843712697255655,11.582385272239176,0.0,United Kingdom,GBR,england,,,Windows-11-10.0.26100-SP0,3.13.0,3.2.6,28,Intel(R) Core(TM) i7-14700,1,1 x NVIDIA GeForce RTX 5070,-2.3329,51.7694,63.71231842041016,machine,0.9491356555186342,96.10267431544028,36.54506273867976,23.28384614116518,N,1.0,0.0
2026-04-21T20:14:47,trm_official_maze_train,5b839fb3-dab2-4c4f-91c9-91c519788cfb,5b0fa12a-3dd7-45bb-9766-cc326314d9f1,184934.9782909,2.776224451985038,1.5011894870520805e-05,11.23188127546451,197.1349775403123,20.0,0.5576484147799308,10.134260367401817,0.993078536191676,11.684987318373476,0.0,United Kingdom,GBR,england,,,Windows-11-10.0.26100-SP0,3.13.0,3.2.6,28,Intel(R) Core(TM) i7-14700,1,1 x NVIDIA GeForce RTX 5070,-2.3329,51.7694,63.71231842041016,machine,0.9464784347142108,96.1015283604265,36.518993073763326,23.26727060076865,N,1.0,0.0
2026-04-21T20:41:48,trm_official_maze_train,5b839fb3-dab2-4c4f-91c9-91c519788cfb,5b0fa12a-3dd7-45bb-9766-cc326314d9f1,186556.18693920004,2.8005869012164903,1.50120290683751e-05,11.231859691471191,197.13789225322927,20.0,0.5625349045081048,10.22321122828466,1.001781493555563,11.787527626348387,0.0,United Kingdom,GBR,england,,,Windows-11-10.0.26100-SP0,3.13.0,3.2.6,28,Intel(R) Core(TM) i7-14700,1,1 x NVIDIA GeForce RTX 5070,-2.3329,51.7694,63.71231842041016,machine,0.946891058442578,96.10162066743558,36.49271484808612,23.250553322440503,N,1.0,0.0
2026-04-21T21:08:50,trm_official_maze_train,5b839fb3-dab2-4c4f-91c9-91c519788cfb,5b0fa12a-3dd7-45bb-9766-cc326314d9f1,188178.6030441,2.824968914340974,1.5012168592190782e-05,11.23185826858243,197.14086444145727,20.0,0.5674254155838315,10.31223374533596,1.0104911168327848,11.890150277752635,0.0,United Kingdom,GBR,england,,,Windows-11-10.0.26100-SP0,3.13.0,3.2.6,28,Intel(R) Core(TM) i7-14700,1,1 x NVIDIA GeForce RTX 5070,-2.3329,51.7694,63.71231842041016,machine,0.9433444992001374,96.10087931201082,36.46785733457876,23.23470410093374,N,1.0,0.0
2026-04-21T21:35:51,trm_official_maze_train,5b839fb3-dab2-4c4f-91c9-91c519788cfb,5b0fa12a-3dd7-45bb-9766-cc326314d9f1,189799.57741520007,2.8493655609417634,1.5012496865093509e-05,11.231877207077396,197.14677222633296,20.0,0.5723121837895554,10.401329636890388,1.0191927000333392,11.992834520713338,0.0,United Kingdom,GBR,england,,,Windows-11-10.0.26100-SP0,3.13.0,3.2.6,28,Intel(R) Core(TM) i7-14700,1,1 x NVIDIA GeForce RTX 5070,-2.3329,51.7694,63.71231842041016,machine,0.9452415547642998,96.10081059360148,36.44364325365778,23.219281695143074,N,1.0,0.0
2026-04-21T22:02:52,trm_official_maze_train,5b839fb3-dab2-4c4f-91c9-91c519788cfb,5b0fa12a-3dd7-45bb-9766-cc326314d9f1,191420.8421755,2.87376428436155,1.5012807653028725e-05,11.232011062512704,197.1522047726601,20.0,0.5772057577398345,10.49042586483398,1.02789588232556,12.095527504899415,0.0,United Kingdom,GBR,england,,,Windows-11-10.0.26100-SP0,3.13.0,3.2.6,28,Intel(R) Core(TM) i7-14700,1,1 x NVIDIA GeForce RTX 5070,-2.3329,51.7694,63.71231842041016,machine,0.9454190436485108,96.10079634388968,36.418640990865,23.20335553131288,N,1.0,0.0
2026-04-21T22:29:53,trm_official_maze_train,5b839fb3-dab2-4c4f-91c9-91c519788cfb,5b0fa12a-3dd7-45bb-9766-cc326314d9f1,193041.4072879,2.8981865250633385,1.501328945836482e-05,11.232030339699914,197.16039388986368,20.0,0.5820912930923984,10.57963302481076,1.0365951542244496,12.198319472127649,0.0,United Kingdom,GBR,england,,,Windows-11-10.0.26100-SP0,3.13.0,3.2.6,28,Intel(R) Core(TM) i7-14700,1,1 x NVIDIA GeForce RTX 5070,-2.3329,51.7694,63.71231842041016,machine,0.9476637274653968,96.10165101127711,36.39433004526544,23.18783574352465,N,1.0,0.0
2026-04-21T22:56:55,trm_official_maze_train,5b839fb3-dab2-4c4f-91c9-91c519788cfb,5b0fa12a-3dd7-45bb-9766-cc326314d9f1,194663.8238469,2.9225877416941075,1.501351244385642e-05,11.232040064166045,197.16464626984407,20.0,0.5869826709707379,10.66873548387045,1.0453047952705634,12.301022950111763,0.0,United Kingdom,GBR,england,,,Windows-11-10.0.26100-SP0,3.13.0,3.2.6,28,Intel(R) Core(TM) i7-14700,1,1 x NVIDIA GeForce RTX 5070,-2.3329,51.7694,63.71231842041016,machine,0.9473476907109496,96.10129216398548,36.36926102750389,23.17187692856999,N,1.0,0.0
2026-04-21T23:23:56,trm_official_maze_train,5b839fb3-dab2-4c4f-91c9-91c519788cfb,5b0fa12a-3dd7-45bb-9766-cc326314d9f1,196284.79314960004,2.9469585009543864,1.5013687273819212e-05,11.232073467914088,197.16829995695588,20.0,0.5918697924567211,10.757722083948565,1.054006358169446,12.40359823457476,0.0,United Kingdom,GBR,england,,,Windows-11-10.0.26100-SP0,3.13.0,3.2.6,28,Intel(R) Core(TM) i7-14700,1,1 x NVIDIA GeForce RTX 5070,-2.3329,51.7694,63.71231842041016,machine,0.9515483389516484,96.10024446102776,36.34492730501016,23.156363337472047,N,1.0,0.0
2026-04-21T23:50:57,trm_official_maze_train,5b839fb3-dab2-4c4f-91c9-91c519788cfb,5b0fa12a-3dd7-45bb-9766-cc326314d9f1,197905.6007963,2.9713299129064827,1.5013874801677842e-05,11.232187470171317,197.17190744905824,20.0,0.5967616283117904,10.846707700692557,1.062706937180001,12.506176266184374,0.0,United Kingdom,GBR,england,,,Windows-11-10.0.26100-SP0,3.13.0,3.2.6,28,Intel(R) Core(TM) i7-14700,1,1 x NVIDIA GeForce RTX 5070,-2.3329,51.7694,63.71231842041016,machine,0.9519460565874972,96.10094482642452,36.32431843355844,23.143235425403542,N,1.0,0.0
2026-04-22T00:17:58,trm_official_maze_train,5b839fb3-dab2-4c4f-91c9-91c519788cfb,5b0fa12a-3dd7-45bb-9766-cc326314d9f1,199526.42833320005,2.995703261807438,1.5014067493879813e-05,11.232235966968418,197.1757418261789,20.0,0.6016505658378176,10.935704187445246,1.0714076970299993,12.608762450313078,0.0,United Kingdom,GBR,england,,,Windows-11-10.0.26100-SP0,3.13.0,3.2.6,28,Intel(R) Core(TM) i7-14700,1,1 x NVIDIA GeForce RTX 5070,-2.3329,51.7694,63.71231842041016,machine,0.951978857087888,96.099897221955,36.30890017365945,23.13338041875536,N,1.0,0.0
2026-04-22T00:44:59,trm_official_maze_train,5b839fb3-dab2-4c4f-91c9-91c519788cfb,5b0fa12a-3dd7-45bb-9766-cc326314d9f1,201147.4895862,3.0200511246291715,1.5014112931968536e-05,11.23223691485872,197.17715351685192,20.0,0.6065373476174449,11.024594194390524,1.080109822824436,12.711241364832407,0.0,United Kingdom,GBR,england,,,Windows-11-10.0.26100-SP0,3.13.0,3.2.6,28,Intel(R) Core(TM) i7-14700,1,1 x NVIDIA GeForce RTX 5070,-2.3329,51.7694,63.71231842041016,machine,0.9504110648513184,96.09981066408191,36.294597648618655,23.124254430057054,N,1.0,0.0
2026-04-22T01:12:00,trm_official_maze_train,5b839fb3-dab2-4c4f-91c9-91c519788cfb,5b0fa12a-3dd7-45bb-9766-cc326314d9f1,202768.0164886001,3.0444039287545985,1.5014221579298032e-05,11.232238077276168,197.17976772370545,20.0,0.6114223376503845,11.113509920523043,1.0888088188738811,12.813741077047313,0.0,United Kingdom,GBR,england,,,Windows-11-10.0.26100-SP0,3.13.0,3.2.6,28,Intel(R) Core(TM) i7-14700,1,1 x NVIDIA GeForce RTX 5070,-2.3329,51.7694,63.71231842041016,machine,0.9484642862480758,96.0997404357292,36.27998864094938,23.1149701907418,N,1.0,0.0
2026-04-22T01:39:02,trm_official_maze_train,5b839fb3-dab2-4c4f-91c9-91c519788cfb,5b0fa12a-3dd7-45bb-9766-cc326314d9f1,204390.5244599,3.0687728099865983,1.5014261635150655e-05,11.232237546628143,197.1812100336768,20.0,0.6163136690602833,11.202475870306865,1.0975189176177726,12.916308456984934,0.0,United Kingdom,GBR,england,,,Windows-11-10.0.26100-SP0,3.13.0,3.2.6,28,Intel(R) Core(TM) i7-14700,1,1 x NVIDIA GeForce RTX 5070,-2.3329,51.7694,63.71231842041016,machine,0.9484977289239696,96.0983655172073,36.26552214978722,23.105754214271546,N,1.0,0.0
2026-04-22T02:06:02,trm_official_maze_train,5b839fb3-dab2-4c4f-91c9-91c519788cfb,5b0fa12a-3dd7-45bb-9766-cc326314d9f1,206010.8019519,3.09314887215264,1.50144984770014e-05,11.232252753217152,197.1856319959736,20.0,0.6211989484896863,11.291490486240724,1.1062166263777709,13.018906061108195,0.0,United Kingdom,GBR,england,,,Windows-11-10.0.26100-SP0,3.13.0,3.2.6,28,Intel(R) Core(TM) i7-14700,1,1 x NVIDIA GeForce RTX 5070,-2.3329,51.7694,63.71231842041016,machine,0.947141175893689,96.09841612317952,36.25035845633305,23.09609474827857,N,1.0,0.0
2026-04-22T02:33:01,trm_official_maze_train,5b839fb3-dab2-4c4f-91c9-91c519788cfb,5b0fa12a-3dd7-45bb-9766-cc326314d9f1,207628.9060588001,3.11749356297663,1.50147376979088e-05,11.232252278244143,197.18983651380395,20.0,0.62607582546301,11.380393561252006,1.1149022381355516,13.121371624850582,0.0,United Kingdom,GBR,england,,,Windows-11-10.0.26100-SP0,3.13.0,3.2.6,28,Intel(R) Core(TM) i7-14700,1,1 x NVIDIA GeForce RTX 5070,-2.3329,51.7694,63.71231842041016,machine,0.9484072962229544,96.09817497117224,36.235337248395616,23.086474223549192,N,1.0,0.0
2026-04-22T02:59:55,trm_official_maze_train,5b839fb3-dab2-4c4f-91c9-91c519788cfb,5b0fa12a-3dd7-45bb-9766-cc326314d9f1,209243.10279500007,3.1418518957550576,1.501531880280516e-05,11.231685940561514,197.1875412556456,20.0,0.6309548195012838,11.46929010959142,1.1236496777916591,13.22389460688438,0.0,United Kingdom,GBR,england,,,Windows-11-10.0.26100-SP0,3.13.0,3.2.6,28,Intel(R) Core(TM) i7-14700,1,1 x NVIDIA GeForce RTX 5070,-2.3329,51.7694,63.71231842041016,machine,0.950742528846618,96.10097040505964,36.21901993916864,23.07607182477101,N,1.0,0.0
2026-04-22T03:26:56,trm_official_maze_train,5b839fb3-dab2-4c4f-91c9-91c519788cfb,5b0fa12a-3dd7-45bb-9766-cc326314d9f1,210863.99789960007,3.166219543290268,1.5015458185506936e-05,11.23194657093419,197.1822639568392,20.0,0.6358480423838281,11.558257974932316,1.132350776938882,13.326456794255046,0.0,United Kingdom,GBR,england,,,Windows-11-10.0.26100-SP0,3.13.0,3.2.6,28,Intel(R) Core(TM) i7-14700,1,1 x NVIDIA GeForce RTX 5070,-2.3329,51.7694,63.71231842041016,machine,0.9521488969267252,96.10118571394352,36.19861067861164,23.06307367330357,N,1.0,0.0
2026-04-22T03:53:56,trm_official_maze_train,5b839fb3-dab2-4c4f-91c9-91c519788cfb,5b0fa12a-3dd7-45bb-9766-cc326314d9f1,212484.31122180005,3.190597443925409,1.5015684807877085e-05,11.231960355209347,197.1854936532678,20.00139977603584,0.6407351953526793,11.647194839692864,1.1411321013555524,13.429062136401113,0.0,United Kingdom,GBR,england,,,Windows-11-10.0.26100-SP0,3.13.0,3.2.6,28,Intel(R) Core(TM) i7-14700,1,1 x NVIDIA GeForce RTX 5070,-2.3329,51.7694,63.71231842041016,machine,0.9520975762819842,96.10167444779356,36.17806197643792,23.049953273148624,N,1.0,0.0
2026-04-22T04:20:56,trm_official_maze_train,5b839fb3-dab2-4c4f-91c9-91c519788cfb,5b0fa12a-3dd7-45bb-9766-cc326314d9f1,214104.22493070003,3.214944898712718,1.5015793825429237e-05,11.231203872362409,197.174669348366,20.0,0.6456213159176059,11.736087913862823,1.149830103743884,13.53153933352433,0.0,United Kingdom,GBR,england,,,Windows-11-10.0.26100-SP0,3.13.0,3.2.6,28,Intel(R) Core(TM) i7-14700,1,1 x NVIDIA GeForce RTX 5070,-2.3329,51.7694,63.71231842041016,machine,0.9520873635239828,96.10225015452414,36.15782006397977,23.037062097282643,N,1.0,0.0
2026-04-22T04:47:56,trm_official_maze_train,5b839fb3-dab2-4c4f-91c9-91c519788cfb,5b0fa12a-3dd7-45bb-9766-cc326314d9f1,215724.2819994,3.239325079198593,1.501604292838765e-05,11.231231053498076,197.1789230924327,20.0,0.6505062279836026,11.825121473145174,1.1585265703172147,13.634154271446013,0.0,United Kingdom,GBR,england,,,Windows-11-10.0.26100-SP0,3.13.0,3.2.6,28,Intel(R) Core(TM) i7-14700,1,1 x NVIDIA GeForce RTX 5070,-2.3329,51.7694,63.71231842041016,machine,0.948831862136786,96.10229225690136,36.13777704933386,23.02434633048635,N,1.0,0.0
2026-04-22T05:14:53,trm_official_maze_train,5b839fb3-dab2-4c4f-91c9-91c519788cfb,5b0fa12a-3dd7-45bb-9766-cc326314d9f1,217341.4155078001,3.263686559312105,1.5016404267390888e-05,11.231503633591696,197.1850611956672,20.0,0.6553959423297535,11.91408772654033,1.1672068315827695,13.73669050045288,0.0,United Kingdom,GBR,england,,,Windows-11-10.0.26100-SP0,3.13.0,3.2.6,28,Intel(R) Core(TM) i7-14700,1,1 x NVIDIA GeForce RTX 5070,-2.3329,51.7694,63.71231842041016,machine,0.949219134913036,96.1036598402945,36.12129716564565,23.01383687383954,N,1.0,0.0
2026-04-22T05:41:53,trm_official_maze_train,5b839fb3-dab2-4c4f-91c9-91c519788cfb,5b0fa12a-3dd7-45bb-9766-cc326314d9f1,218961.3633576001,3.2880637427062163,1.5016638973590356e-05,11.231524853420632,197.1896555285592,20.0,0.660279810129713,12.003110193313807,1.1759028203244355,13.83929282376798,0.0,United Kingdom,GBR,england,,,Windows-11-10.0.26100-SP0,3.13.0,3.2.6,28,Intel(R) Core(TM) i7-14700,1,1 x NVIDIA GeForce RTX 5070,-2.3329,51.7694,63.71231842041016,machine,0.9505344892017956,96.1037052074058,36.10649829987682,23.004381229185267,N,1.0,0.0
2026-04-22T06:08:54,trm_official_maze_train,5b839fb3-dab2-4c4f-91c9-91c519788cfb,5b0fa12a-3dd7-45bb-9766-cc326314d9f1,220582.6989199,3.312425348372757,1.501670513867271e-05,11.231547871685216,197.1916320556693,20.0,0.6651682017342903,12.092054999747376,1.184606379739435,13.941829581221146,0.0,United Kingdom,GBR,england,,,Windows-11-10.0.26100-SP0,3.13.0,3.2.6,28,Intel(R) Core(TM) i7-14700,1,1 x NVIDIA GeForce RTX 5070,-2.3329,51.7694,63.71231842041016,machine,0.9534441935764564,96.10221980004854,36.09239396756628,22.99539441113259,N,1.0,0.0
2026-04-22T06:35:53,trm_official_maze_train,5b839fb3-dab2-4c4f-91c9-91c519788cfb,5b0fa12a-3dd7-45bb-9766-cc326314d9f1,222201.0785649001,3.336780595843992,1.5016941490089984e-05,11.231594981137471,197.1960270239732,20.0,0.6700471191471364,12.18099896784694,1.19329349035999,14.044339577354114,0.0,United Kingdom,GBR,england,,,Windows-11-10.0.26100-SP0,3.13.0,3.2.6,28,Intel(R) Core(TM) i7-14700,1,1 x NVIDIA GeForce RTX 5070,-2.3329,51.7694,63.71231842041016,machine,0.955706394489782,96.10321656702509,36.0784796890273,22.98653138297217,N,1.0,0.0
2026-04-22T07:02:53,trm_official_maze_train,5b839fb3-dab2-4c4f-91c9-91c519788cfb,5b0fa12a-3dd7-45bb-9766-cc326314d9f1,223821.45458260004,3.361137954395839,1.5017049910000609e-05,11.231583785799144,197.19835712818505,20.0,0.6749312426467318,12.269935454829408,1.2019917614416595,14.146858458917851,0.0,United Kingdom,GBR,england,,,Windows-11-10.0.26100-SP0,3.13.0,3.2.6,28,Intel(R) Core(TM) i7-14700,1,1 x NVIDIA GeForce RTX 5070,-2.3329,51.7694,63.71231842041016,machine,0.953536529773108,96.10224815963242,36.06526207466183,22.97813210661198,N,1.0,0.0
2026-04-22T07:29:54,trm_official_maze_train,5b839fb3-dab2-4c4f-91c9-91c519788cfb,5b0fa12a-3dd7-45bb-9766-cc326314d9f1,225442.30226130004,3.3854868196607315,1.5017087679209229e-05,11.23160271786544,197.19968084516108,20.0,0.6798167329540663,12.35883242539137,1.2106924343238858,14.249341592669383,0.0,United Kingdom,GBR,england,,,Windows-11-10.0.26100-SP0,3.13.0,3.2.6,28,Intel(R) Core(TM) i7-14700,1,1 x NVIDIA GeForce RTX 5070,-2.3329,51.7694,63.71231842041016,machine,0.955197322136734,96.10253491842286,36.05227793137751,22.96985937076061,N,1.0,0.0
2026-04-22T07:56:54,trm_official_maze_train,5b839fb3-dab2-4c4f-91c9-91c519788cfb,5b0fa12a-3dd7-45bb-9766-cc326314d9f1,227062.2143286001,3.409832470138594,1.5017172629189417e-05,11.231695165761575,197.2014041823928,20.0,0.6847025964741872,12.44772053927958,1.2193880597922169,14.35181119554604,0.0,United Kingdom,GBR,england,,,Windows-11-10.0.26100-SP0,3.13.0,3.2.6,28,Intel(R) Core(TM) i7-14700,1,1 x NVIDIA GeForce RTX 5070,-2.3329,51.7694,63.71231842041016,machine,0.9555924828488296,96.10269791694472,36.03959095236824,22.96175184272196,N,1.0,0.0
2026-04-22T08:23:53,trm_official_maze_train,5b839fb3-dab2-4c4f-91c9-91c519788cfb,5b0fa12a-3dd7-45bb-9766-cc326314d9f1,228681.5506671,3.43417271349003,1.50172705383185e-05,11.231738357404454,197.20311284196995,20.0,0.6895846052850244,12.536592814544008,1.2280806202738856,14.45425804010297,0.0,United Kingdom,GBR,england,,,Windows-11-10.0.26100-SP0,3.13.0,3.2.6,28,Intel(R) Core(TM) i7-14700,1,1 x NVIDIA GeForce RTX 5070,-2.3329,51.7694,63.71231842041016,machine,0.9549260496183206,96.10245264348318,36.027059478371505,22.95378387515276,N,1.0,0.0
2026-04-22T08:50:54,trm_official_maze_train,5b839fb3-dab2-4c4f-91c9-91c519788cfb,5b0fa12a-3dd7-45bb-9766-cc326314d9f1,230301.96591700008,3.458452668512425,1.5017034938202991e-05,11.231804662776971,197.1993964938996,20.0,0.6944701804717859,12.625201869042307,1.2367790846394422,14.5564511341536,0.0,United Kingdom,GBR,england,,,Windows-11-10.0.26100-SP0,3.13.0,3.2.6,28,Intel(R) Core(TM) i7-14700,1,1 x NVIDIA GeForce RTX 5070,-2.3329,51.7694,63.71231842041016,machine,0.955439703121436,96.10152562595408,36.01448862140965,22.94575729888512,N,1.0,0.0
2026-04-22T09:17:53,trm_official_maze_train,5b839fb3-dab2-4c4f-91c9-91c519788cfb,5b0fa12a-3dd7-45bb-9766-cc326314d9f1,231921.15431560008,3.482763124014029,1.5017013580721742e-05,11.231896412166453,197.19659775495424,20.0,0.699351393372052,12.713950577818991,1.2454706319766635,14.658772603167757,0.0,United Kingdom,GBR,england,,,Windows-11-10.0.26100-SP0,3.13.0,3.2.6,28,Intel(R) Core(TM) i7-14700,1,1 x NVIDIA GeForce RTX 5070,-2.3329,51.7694,63.71231842041016,machine,0.9536271529005896,96.1012658227848,36.002145713364754,22.9379236011498,N,1.0,0.0
2026-04-22T09:44:53,trm_official_maze_train,5b839fb3-dab2-4c4f-91c9-91c519788cfb,5b0fa12a-3dd7-45bb-9766-cc326314d9f1,233540.99172340007,3.507147901884303,1.50172690284628e-05,11.231179304246403,197.190847765244,20.0,0.7042350485040213,12.80292264788548,1.254249194856664,14.761406891246216,0.0,United Kingdom,GBR,england,,,Windows-11-10.0.26100-SP0,3.13.0,3.2.6,28,Intel(R) Core(TM) i7-14700,1,1 x NVIDIA GeForce RTX 5070,-2.3329,51.7694,63.71231842041016,machine,0.9527370802458722,96.10110867430583,35.98938389199618,22.92979105151392,N,1.0,0.0
2026-04-22T10:11:53,trm_official_maze_train,5b839fb3-dab2-4c4f-91c9-91c519788cfb,5b0fa12a-3dd7-45bb-9766-cc326314d9f1,235161.7082145,3.5315283716319272,1.5017446498605484e-05,11.230541639580554,197.18397931937716,20.0,0.7091264817947073,12.89186378903834,1.2630327758227746,14.864023046655873,0.0,United Kingdom,GBR,england,,,Windows-11-10.0.26100-SP0,3.13.0,3.2.6,28,Intel(R) Core(TM) i7-14700,1,1 x NVIDIA GeForce RTX 5070,-2.3329,51.7694,63.712318420410156,machine,0.9548378089277046,96.10134418187052,35.9774053724316,22.922161708058642,N,1.0,0.0
