train/frac_at_max_steps,val/avg_act_steps,val/exact_accuracy,val/halt_steps_hist,train/halt_steps_hist,val/puzzle_acc,_step,train/samples_per_sec,summary/train_accuracy,train/epoch_time_sec,summary/train_q_halt_loss,train/accuracy,train/q_halt_accuracy,summary/carbon_emissions_kg,system/gpu_mem_gb,summary/train_frac_at_max_steps,summary/val_q_halt_accuracy,val/avg_steps,_runtime,train/avg_steps,summary/train_loss,val/frac_at_max_steps,summary/train_exact_accuracy,val/q_halt_acc,carbon/energy_kwh,summary/val_accuracy,train/q_halt_loss,val/q_halt_accuracy,summary/train_q_continue_loss,train/grad_norm,epoch,carbon/emissions_kg,summary/train_q_halt_accuracy,train/lr,summary/val_exact_accuracy,train/exact_accuracy,val/accuracy,train/lm_loss,val/cell_acc,_timestamp,train/q_continue_loss
0.6271641254425049,14.965,0.111,"{'values': [30, 0, 0, 0, 23, 0, 0, 0, 0, 16, 0, 0, 0, 5, 0, 0, 0, 0, 2, 0, 0, 0, 0, 0, 0, 0, 0, 2, 0, 0, 0, 0, 1, 0, 0, 0, 3, 0, 0, 0, 0, 1, 0, 0, 0, 0, 0, 0, 0, 0, 0, 0, 0, 0, 0, 0, 0, 0, 0, 3, 0, 0, 0, 914], '_type': 'histogram', 'packedBins': {'min': 2, 'size': 0.21875, 'count': 64}}","{'_type': 'histogram', 'packedBins': {'count': 64, 'min': 1, 'size': 0.234375}, 'values': [2601, 0, 0, 0, 1179, 0, 0, 0, 205, 0, 0, 0, 60, 0, 0, 0, 0, 38, 0, 0, 0, 22, 0, 0, 0, 17, 0, 0, 0, 13, 0, 0, 0, 0, 18, 0, 0, 0, 18, 0, 0, 0, 23, 0, 0, 0, 19, 0, 0, 0, 0, 29, 0, 0, 0, 30, 0, 0, 0, 35, 0, 0, 0, 7245]}",0.111,1,4.954986083012273,0.9762579755232649,1614.5353116989136,1.466760778668724,0.9762579755232649,0.907907667024627,0.024758388342721184,3.233874944,0.6271641254425049,0.879,14.965,3359.5388587,14.234970044197544,1.3639894760087696,0.9139999747276306,0.11655857973331829,0.879,0.10420679552808079,0.95867,1.466760778668724,0.879,0,41.71915273663978,1,0.024758388342721184,0.907907667024627,0.0001,0.111,0.11655857973331829,0.95867,1.3639894760087696,0.95867,1776366846.1139035,0
0.9050406217575073,,,,,,2,4.916905686106508,0.9768958413126976,1627.0395469665527,1.8887903593656559,0.9768958413126976,0.930022405560518,0.051599589465613674,3.233874944,0.9050406217575073,,,4987.6545095,15.143480426931472,1.2504244912694717,,0.09523693979387753,,0.21718004396505597,,1.8887903593656559,,0,30.66396484375,2,0.051599589465613674,0.930022405560518,0.0001,,0.09523693979387753,,1.2504244912694717,,1776368473.7049537,0
0.8407403230667114,,,,,,3,4.91520679008938,0.9758472403649372,1627.60191822052,1.9229402300844087,0.9758472403649372,0.9114698311593081,0.07665102631851763,3.233874944,0.8407403230667114,,,6618.5545361,14.525623569197231,1.1822993066709044,,0.12832378180417095,,0.32262026574680486,,1.9229402300844087,,0,41.090771484375,3,0.07665102631851763,0.9114698311593081,0.0001,,0.12832378180417095,,1.1822993066709044,,1776370101.823083,0
0.8622207045555115,,,,,,4,4.906786545147466,0.9760380944305843,1630.3949491977692,2.057759110164674,0.9760380944305843,0.9147617539960536,0.1017203495246418,3.233874944,0.8622207045555115,,,8246.7609153,14.735313090882713,1.1767782298447196,,0.11676635370631916,,0.42813577027826116,,2.057759110164674,,0,37.4217802734375,4,0.1017203495246418,0.9147617539960536,0.0001,,0.11676635370631916,,1.1767782298447196,,1776371732.7310724,0
0.8235691785812378,,,,,,5,4.914900176210159,0.9752628634120349,1627.7034554481506,2.2514538726353663,0.9752628634120349,0.8990451030987829,0.12677076748039323,3.233874944,0.8235691785812378,,,9874.0839889,14.361986264194842,1.1282486501142734,,0.14068859318632915,,0.5335717035737901,,2.2514538726353663,,0,54.824857421875,5,0.12677076748039323,0.8990451030987829,0.0001,,0.14068859318632915,,1.1282486501142734,,1776373360.9450488,0
0.8312457203865051,,,,,,6,4.917580049675454,0.9743875086646964,1626.8164258003235,2.285596655143567,0.9743875086646964,0.9031285428144411,0.15178976154804785,3.233874944,0.8312457203865051,,,11501.1256138,14.392249028737368,1.1209851491290566,,0.13512501222624454,,0.6388753753248163,,2.285596655143567,,0,59.06008203125,6,0.15178976154804785,0.9031285428144411,0.0001,,0.13512501222624454,,1.1209851491290566,,1776374988.2756155,0
0.8640844225883484,,,,,,7,4.918417425747173,0.9737020309482896,1626.5394551753998,2.0416400447502414,0.9737020309482896,0.9237900340282309,0.17679445849270228,3.233874944,0.8640844225883484,,,13128.899701,14.715894307930181,1.1359872694990107,,0.10880725707996794,,0.7441188712133232,,2.0416400447502414,,0,52.5563720703125,7,0.17679445849270228,0.9237900340282309,0.0001,,0.10880725707996794,,1.1359872694990107,,1776376615.3277733,0
0.8954641819000244,,,,,,8,4.9162241913686175,0.9750000048888793,1627.26508975029,2.1079155681544135,0.9750000048888793,0.9220489503322339,0.20178741733735156,3.233874944,0.8954641819000244,,,14756.5788766,15.025477983597202,1.1301042633406668,,0.10342359857979529,,0.8493129620367591,,2.1079155681544135,,0,44.9413798828125,8,0.20178741733735156,0.9220489503322339,0.0001,,0.10342359857979529,,1.1301042633406668,,1776378243.1058834,0
0.8952223062515259,,,,,,9,4.916490555484702,0.9761000590126523,1627.176928281784,1.9940007439814131,0.9761000590126523,0.9250590976291572,0.22675914828437432,3.233874944,0.8952223062515259,,,16386.1161091,15.019895760113762,1.1153446766491835,,0.10382552354939095,,0.9544177057202745,,1.9940007439814131,,0,41.62130908203125,9,0.22675914828437432,0.9250590976291572,0.0001,,0.10382552354939095,,1.1153446766491835,,1776379870.79935,0
0.861380398273468,,,,,,10,4.910948374740072,0.9759744668225578,1629.013255596161,2.083590947937062,0.9759744668225578,0.9168845972949144,0.2517457571142227,3.233874944,0.861380398273468,,,18013.0737653,14.660698390075382,1.123491437155739,,0.11594958769158936,,1.0595850696548355,,2.083590947937062,,0,45.0505771484375,10,0.2517457571142227,0.9168845972949144,0.0001,,0.11594958769158936,,1.123491437155739,,1776381500.336521,0
0.8526315689086914,,,,,,11,4.9186787179908995,0.9757244205095901,1626.4530494213104,2.1905406079531784,0.9757244205095901,0.9158870391492017,0.2767184490881628,3.233874944,0.8526315689086914,,,19640.3029152,14.59532032329749,1.1096251406667486,,0.12392225725009132,,1.1646938582516981,,2.1905406079531784,,0,45.3086533203125,11,0.2767184490881628,0.9158870391492017,0.0001,,0.12392225725009132,,1.1096251406667486,,1776383127.3011246,0
0.7914420962333679,,,,,,12,4.917888528974681,0.9762390657353675,1626.7143821716309,2.195063964364934,0.9762390657353675,0.9000287653131541,0.30169622873745827,3.233874944,0.7914420962333679,,,21267.4131411,13.967689048606571,1.1030446945071177,,0.16535157903702058,,1.2698240606150046,,2.195063964364934,,0,61.7813525390625,12,0.30169622873745827,0.9000287653131541,0.0001,,0.16535157903702058,,1.1030446945071177,,1776384754.537626,0
0.8243626356124878,,,,,,13,4.918231166385141,0.9754509715572858,1626.6010541915894,2.112876070278185,0.9754509715572858,0.9057704840947086,0.326718230277641,3.233874944,0.8243626356124878,,,22894.9060352,14.366127409780002,1.1316109851956206,,0.1410186087631612,,1.3751403906647242,,2.112876070278185,,0,54.3102958984375,13,0.326718230277641,0.9057704840947086,0.0001,,0.1410186087631612,,1.1316109851956206,,1776386381.6545017,0
0.7921876907348633,,,,,,14,4.917078511983398,0.9744932294577744,1626.9823596477509,2.198538185383612,0.9744932294577744,0.8930338459743713,0.3517366884846082,3.233874944,0.7921876907348633,,,24523.1690354,14.033115982712614,1.1254561087442405,,0.15628311919028195,,1.4804418070054097,,2.198538185383612,,0,64.1800322265625,14,0.3517366884846082,0.8930338459743713,0.0001,,0.15628311919028195,,1.1254561087442405,,1776388009.1550913,0
0.8163495063781738,,,,,,15,4.9147729933393105,0.9756113940818846,1627.745576620102,2.229295922386638,0.9756113940818846,0.8939752299058824,0.3766939072035203,3.233874944,0.8163495063781738,,,26155.4220166,14.246495479168635,1.1182093546510135,,0.14654717843353932,,1.5854854694599514,,2.229295922386638,,0,52.48026171875,15,0.3766939072035203,0.8939752299058824,0.0001,,0.14654717843353932,,1.1182093546510135,,1776389637.425166,0
0.8227030634880066,,,,,,16,4.902719306894572,0.9755713090442384,1631.7475056648254,2.1951812969030584,0.9755713090442384,0.8968908472697441,0.40168678355695786,3.233874944,0.8227030634880066,,,27786.6287065,14.377991070771213,1.0927236489833625,,0.14011152218141623,,1.6906792130820782,,2.1951812969030584,,0,60.20734375,16,0.40168678355695786,0.8968908472697441,0.0001,,0.14011152218141623,,1.0927236489833625,,1776391269.685668,0
0.8579558730125427,,,,,,17,4.90586298239293,0.9715042272648101,1630.7018823623657,2.142945881577851,0.9715042272648101,0.9123427870669524,0.4267117698721088,3.233874944,0.8579558730125427,,,29416.2277063,14.717921904914466,1.244911888720966,,0.11871110875124227,,1.7960081058976165,,2.142945881577851,,0,56.9180810546875,17,0.4267117698721088,0.9123427870669524,0.0001,,0.11871110875124227,,1.244911888720966,,1776392900.899106,0
0.8198086619377136,,,,,,18,4.910698654595625,0.9741115233275454,1629.0960946083069,2.1583645620482734,0.9741115233275454,0.9042345756610686,0.45172770401978085,3.233874944,0.8198086619377136,,,31044.9286925,14.262364617512512,1.107335489509923,,0.14522742201152367,,1.9012988986012858,,2.1583645620482734,,0,62.4388271484375,18,0.45172770401978085,0.9042345756610686,0.0001,,0.14522742201152367,,1.107335489509923,,1776394530.5074484,0
0.852455198764801,,,,,,19,4.913379614924493,0.9744149988664621,1628.2071866989136,2.2489763335841233,0.9744149988664621,0.909633230934722,0.4767225408972702,3.233874944,0.852455198764801,,,32676.0543877,14.6132049169739,1.1391019308435752,,0.1301344767177754,,2.006500893969292,,2.2489763335841233,,0,58.7330068359375,19,0.4767225408972702,0.909633230934722,0.0001,,0.1301344767177754,,1.1391019308435752,,1776396159.2274995,0
0.8033468127250671,,,,,,20,4.906085540400213,0.9729138654138271,1630.6279077529907,2.300350490256746,0.9729138654138271,0.896932391984772,0.5017223767217945,3.233874944,0.8033468127250671,,,34305.3106607,14.217415767499794,1.1309574077808546,,0.14098353991079232,,2.1117239296507604,,2.300350490256746,,0,82.286603515625,20,0.5017223767217945,0.896932391984772,0.0001,,0.14098353991079232,,1.1309574077808546,,1776397790.3675892,0
0.824507474899292,,,,,,21,4.911735348464122,0.9740394502932621,1628.752249956131,2.2618464411985046,0.9740394502932621,0.897260626329366,0.5267039307817791,3.233874944,0.824507474899292,,,35937.1161651,14.397893220776256,1.1337174978029025,,0.13354731717724044,,2.216870018316416,,2.2618464411985046,,0,69.8802666015625,21,0.5267039307817791,0.897260626329366,0.0001,,0.13354731717724044,,1.1337174978029025,,1776399419.6375172,0
0.8192879557609558,,,,,,22,4.904057747567436,0.9741547052845317,1631.3021607398987,2.3064606423669347,0.9741547052845317,0.9052383855512214,0.551670043567382,3.233874944,0.8192879557609558,,,37565.430501,14.319229406834781,1.1116852034668983,,0.1429843646944766,,2.321951115444662,,2.3064606423669347,,0,60.9132724609375,22,0.551670043567382,0.9052383855512214,0.0001,,0.1429843646944766,,1.1116852034668983,,1776401051.4557087,0
0.8390054106712341,,,,,,23,4.9145845531515855,0.9744720756981814,1627.807989358902,2.2811435456884968,0.9744720756981814,0.9050311201892819,0.5766537047292313,3.233874944,0.8390054106712341,,,39194.0286406,14.505623622779147,1.120589946000825,,0.1296278575968318,,2.427106072794747,,2.2811435456884968,,0,58.411697265625,23,0.5766537047292313,0.9050311201892819,0.0001,,0.1296278575968318,,1.120589946000825,,1776402679.7818673,0
0.8794242739677429,,,,,,24,4.9137128153913805,0.9728616037913637,1628.0967774391174,2.3368692356426037,0.9728616037913637,0.9122932313119169,0.6016509918773487,3.233874944,0.8794242739677429,,,40820.3057678,14.911370710965366,1.1590737218048481,,0.10709061646545291,,2.5323183812270296,,2.3368692356426037,,0,52.440701171875,24,0.6016509918773487,0.9122932313119169,0.0001,,0.10709061646545291,,1.1590737218048481,,1776404308.3910015,0
0.8889546990394592,,,,,,25,4.920715517577615,0.9737841052421141,1625.7798223495483,2.345606381100625,0.9737841052421141,0.9159680786905404,0.6266556281614759,3.233874944,0.8889546990394592,,,42448.1573308,15.016653116590994,1.152936848751509,,0.10303040943736787,,2.6375616217984668,,2.345606381100625,,0,57.388134765625,25,0.6266556281614759,0.9159680786905404,0.0001,,0.10303040943736787,,1.152936848751509,,1776405934.6873503,0
0.8528497219085693,,,,,,26,4.916010961538916,0.9741604264480366,1627.3356716632843,2.38053072567623,0.9741604264480366,0.9090298854729497,0.6516457398189818,3.233874944,0.8528497219085693,,,44076.8244133,14.6229620273755,1.1143502777621819,,0.12625318981003805,,2.742743728956231,,2.38053072567623,,0,55.1611943359375,26,0.6516457398189818,0.9090298854729497,0.0001,,0.12625318981003805,,1.1143502777621819,,1776407562.5386865,0
0.8496127724647522,,,,,,27,4.913514469723713,0.9733359480228468,1628.1624994277954,2.3457431172516494,0.9733359480228468,0.906063956060118,0.6766989741109586,3.233874944,0.8496127724647522,,,45705.1881043,14.646096993656302,1.1334311236786667,,0.12847543716751492,,2.84819151606749,,2.3457431172516494,,0,59.086533203125,27,0.6766989741109586,0.906063956060118,0.0001,,0.12847543716751492,,1.1334311236786667,,1776409191.2147248,0
0.8547077775001526,,,,,,28,4.914429105805106,0.9735040708799297,1627.8594782352448,2.3380968398418776,0.9735040708799297,0.9037502776458822,0.7017504723045132,3.233874944,0.8547077775001526,,,47331.1536864,14.642598345532372,1.1392272323415888,,0.12846352125507204,,2.953631996028913,,2.3380968398418776,,0,64.173,28,0.7017504723045132,0.9037502776458822,0.0001,,0.12846352125507204,,1.1392272323415888,,1776410819.5870538,0
0.8273634314537048,,,,,,29,4.921693686013765,0.9745512716448964,1625.4567046165466,2.2665827765524056,0.9745512716448964,0.8998751084812388,0.7267415658402773,3.233874944,0.8273634314537048,,,48956.9278649,14.35201379098136,1.0943250596034897,,0.1397196135390829,,3.0588182358622564,,2.2665827765524056,,0,62.2586533203125,29,0.7267415658402773,0.8998751084812388,0.0001,,0.1397196135390829,,1.0943250596034897,,1776412445.5609162,0
0.8618688583374023,,,,,,30,4.922261879710549,0.9733666522699782,1625.2690725326538,2.218013623430496,0.9733666522699782,0.9146660965946602,0.7517715234791061,3.233874944,0.8618688583374023,,,50584.7381793,14.715809569587748,1.1440227958103324,,0.12313246149865753,,3.1641680527259544,,2.218013623430496,,0,67.52600390625,30,0.7517715234791061,0.9146660965946602,0.0001,,0.12313246149865753,,1.1440227958103324,,1776414071.3430252,0
0.8731850385665894,,,,,,31,4.916126787117699,0.9730795794714868,1627.2973310947418,2.37886447784123,0.9730795794714868,0.910460400001428,0.776825306951611,3.233874944,0.8731850385665894,,,52211.9965481,14.84456417072544,1.1551131208513623,,0.11138588081153032,,3.269618151310085,,2.37886447784123,,0,70.781216796875,31,0.776825306951611,0.910460400001428,0.0001,,0.11138588081153032,,1.1551131208513623,,1776415699.161131,0
0.9040229320526123,,,,,,32,4.9177910803856,0.9740479217688679,1626.7466163635254,2.454630566972282,0.9740479217688679,0.9138609392241752,0.8018482555005082,3.233874944,0.9040229320526123,,,53838.9930326,15.144404323937625,1.1405393289025674,,0.10525432564690813,,3.37493846727125,,2.454630566972282,,0,50.0045927734375,32,0.8018482555005082,0.9138609392241752,0.0001,,0.10525432564690813,,1.1405393289025674,,1776417326.4270446,0
0.8433776497840881,,,,,,33,4.91857795036774,0.9732029681269373,1626.4863708019257,2.2309485219334046,0.9732029681269373,0.9123892802843772,0.8268660132780673,3.233874944,0.8433776497840881,,,55467.6350916,14.544423836252884,1.1288576207450944,,0.12613682889364847,,3.480236935540231,,2.2309485219334046,,0,62.701203125,33,0.8268660132780673,0.9123892802843772,0.0001,,0.12613682889364847,,1.1288576207450944,,1776418953.4310446,0
0.8439372777938843,,,,,,34,4.913625770512304,0.9741033124949279,1628.12561917305,2.3716674334267656,0.9741033124949279,0.9056916855675814,0.851934271820876,3.233874944,0.8439372777938843,,,57095.3221484,14.550166587959684,1.1313988812977709,,0.13033081402024901,,3.585747958958019,,2.3716674334267656,,0,67.77416015625,34,0.851934271820876,0.9056916855675814,0.0001,,0.13033081402024901,,1.1313988812977709,,1776420582.0804703,0
0.8368162512779236,,,,,,35,4.916509475569035,0.9742085982245771,1627.1706664562225,2.3647551951956927,0.9742085982245771,0.9003611442162207,0.8769807840633989,3.233874944,0.8368162512779236,,,58722.4218725,14.47307945549881,1.1380077577261178,,0.14186312774063467,,3.6911674533054972,,2.3647551951956927,,0,57.6252021484375,35,0.8769807840633989,0.9003611442162207,0.0001,,0.14186312774063467,,1.1380077577261178,,1776422209.774833,0
0.8294758200645447,,,,,,36,4.918256643430908,0.9746260480915384,1626.5926282405853,2.194641315265035,0.9746260480915384,0.9054024567599173,0.902027347855614,3.233874944,0.8294758200645447,,,60351.0322706,14.409172781993936,1.1147473535143555,,0.13511050962042429,,3.7965871646230047,,2.194641315265035,,0,57.29220703125,36,0.902027347855614,0.9054024567599173,0.0001,,0.13511050962042429,,1.1147473535143555,,1776423836.8817039,0
0.8221617341041565,,,,,,37,4.913724603323125,0.9735771664470285,1628.0928716659546,2.2212705270029534,0.9735771664470285,0.9010732509088337,0.927097280774885,3.233874944,0.8221617341041565,,,61977.9443788,14.375139104075503,1.1393513312833579,,0.1384445066930686,,3.9021052354060424,,2.2212705270029534,,0,71.4042431640625,37,0.927097280774885,0.9010732509088337,0.0001,,0.1384445066930686,,1.1393513312833579,,1776425465.4993467,0
0.8432252407073975,,,,,,38,4.918831431781645,0.9738759310355926,1626.402553319931,2.306754413990364,0.9738759310355926,0.9015259219600229,0.9520678478274582,3.233874944,0.8432252407073975,,,63606.4676909,14.566778804226509,1.1340050224980376,,0.12846999865123926,,4.0072050803170995,,2.306754413990364,,0,57.929587890625,38,0.9520678478274582,0.9015259219600229,0.0001,,0.12846999865123926,,1.1340050224980376,,1776427092.4194229,0
0.8402563333511353,,,,,,39,4.913918448868848,0.9743537478488932,1628.0286462306976,2.310700969457305,0.9743537478488932,0.9034400250503007,0.9771241382723995,3.233874944,0.8402563333511353,,,65234.0657709,14.55168112629695,1.1213355326001353,,0.13367645649105175,,4.112665730620527,,2.310700969457305,,0,62.597494140625,39,0.9771241382723995,0.9034400250503007,0.0001,,0.13367645649105175,,1.1213355326001353,,1776428720.9643266,0
0.8158460855484009,,,,,,40,4.916732667770637,0.9739916811430585,1627.096801996231,2.2034003065876284,0.9739916811430585,0.8946851584320462,1.0021999352296505,3.233874944,0.8158460855484009,,,66861.7656821,14.261644557826639,1.1196140157384513,,0.1433199560591671,,4.218208482840752,,2.2034003065876284,,0,69.9772822265625,40,1.0021999352296505,0.8946851584320462,0.0001,,0.1433199560591671,,1.1196140157384513,,1776430348.576795,0
0.837076723575592,,,,,,41,4.916431116362057,0.9739149782690525,1627.1966006755829,2.333673128941023,0.9739149782690525,0.9064789292676633,1.0272314765782298,3.233874944,0.837076723575592,,,68491.3114732,14.502708986647779,1.1347314033973814,,0.132662970309866,,4.323564965458126,,2.333673128941023,,0,65.49888818359375,41,1.0272314765782298,0.9064789292676633,0.0001,,0.132662970309866,,1.1347314033973814,,1776431976.2919323,0
0.8666589260101318,,,,,,42,4.910867199898331,0.974216169942743,1629.0401825904846,2.4108826123662426,0.974216169942743,0.9106156991611836,1.0523492973337267,3.233874944,0.8666589260101318,,,70122.0123064,14.794073796353764,1.121950009015608,,0.11879160410258739,,4.429284593704791,,2.4108826123662426,,0,57.298703125,42,1.0523492973337267,0.9106156991611836,0.0001,,0.11879160410258739,,1.121950009015608,,1776433605.8509505,0
0.8401052951812744,,,,,,43,4.90738267789349,0.9739791796493776,1630.1968941688538,2.3516103961795114,0.9739791796493776,0.8991237782713197,1.0774455333509538,3.233874944,0.8401052951812744,,,71750.1819547,14.492550813915978,1.1075853935488698,,0.13318302268008433,,4.534913372887443,,2.3516103961795114,,0,64.4046982421875,43,1.0774455333509538,0.8991237782713197,0.0001,,0.13318302268008433,,1.1075853935488698,,1776435236.5641015,0
0.8251304030418396,,,,,,44,4.915006510257138,0.97286790280122,1627.6682407855988,2.217191726975299,0.97286790280122,0.9082050996730352,1.1024636154442726,3.233874944,0.8251304030418396,,,73383.3728737,14.37924915649393,1.0899249850245327,,0.132248972143567,,4.640213206184939,,2.217191726975299,,0,81.3408935546875,44,1.1024636154442726,0.9082050996730352,0.0001,,0.132248972143567,,1.0899249850245327,,1776436864.746992,0
0.8075889945030212,,,,,,45,4.899908456127879,0.9732693031411448,1632.683563709259,2.23087711800711,0.9732693031411448,0.9050085943337209,1.1275722885507453,3.233874944,0.8075889945030212,,,75011.401952,14.21103039956827,1.1003029469429877,,0.1453419579411334,,4.745894332442772,,2.23087711800711,,0,77.9064150390625,45,1.1275722885507453,0.9050085943337209,0.0001,,0.1453419579411334,,1.1003029469429877,,1776438497.9466138,0
0.8124507665634155,,,,,,46,4.915464703294569,0.9737119972458674,1627.516518354416,2.2601803364657522,0.9737119972458674,0.9019576666695369,1.1526340254235563,3.233874944,0.8124507665634155,,,76640.1132217,14.243500105745964,1.058134341939454,,0.13898413363652562,,4.851377906483705,,2.2601803364657522,,0,78.881927734375,46,1.1526340254235563,0.9019576666695369,0.0001,,0.13898413363652562,,1.058134341939454,,1776440125.9854727,0
0.7996227741241455,,,,,,47,4.913385383615931,0.9735992867957357,1628.2052750587463,2.1906345671533884,0.9735992867957357,0.8959921449931626,1.1777222052211538,3.233874944,0.7996227741241455,,,78269.1380103,14.088606196214972,1.0662601667377969,,0.14219165704978287,,4.956972777448261,,2.1906345671533884,,0,76.0790712890625,47,1.1777222052211538,0.8959921449931626,0.0001,,0.14219165704978287,,1.0662601667377969,,1776441754.7061157,0
0.8330668807029724,,,,,,48,4.912438324079724,0.9727517291508283,1628.5191736221313,2.262003135996739,0.9727517291508283,0.9059366146231747,1.2027538438436955,3.233874944,0.8330668807029724,,,79897.5046241,14.482222888994448,1.0896670105937676,,0.12487998873213377,,5.062329669486789,,2.262003135996739,,0,80.16523828125,48,1.2027538438436955,0.9059366146231747,0.0001,,0.12487998873213377,,1.0896670105937676,,1776443383.7397099,0
0.849017322063446,,,,,,49,4.914433066725555,0.9728365287705719,1627.858166217804,2.378673206090825,0.9728365287705719,0.9064854305274936,1.2277946252074383,3.233874944,0.849017322063446,,,81525.4571623,14.593837520221587,1.0830918148058617,,0.12454881486933558,,5.167725042857371,,2.378673206090825,,0,74.6560625,49,1.2277946252074383,0.9064854305274936,0.0001,,0.12454881486933558,,1.0830918148058617,,1776445012.1148772,0
0.8710887432098389,13.904,0.202,"{'values': [57, 0, 0, 0, 54, 0, 0, 0, 0, 25, 0, 0, 0, 11, 0, 0, 0, 0, 6, 0, 0, 0, 4, 0, 0, 0, 0, 3, 0, 0, 0, 0, 3, 0, 0, 0, 0, 0, 0, 0, 0, 3, 0, 0, 0, 2, 0, 0, 0, 0, 2, 0, 0, 0, 2, 0, 0, 0, 0, 1, 0, 0, 0, 827], '_type': 'histogram', 'packedBins': {'min': 2, 'size': 0.21875, 'count': 64}}","{'packedBins': {'min': 2, 'size': 0.21875, 'count': 64}, 'values': [375, 0, 0, 0, 221, 0, 0, 0, 0, 92, 0, 0, 0, 58, 0, 0, 0, 0, 37, 0, 0, 0, 43, 0, 0, 0, 0, 37, 0, 0, 0, 0, 34, 0, 0, 0, 25, 0, 0, 0, 0, 29, 0, 0, 0, 33, 0, 0, 0, 0, 48, 0, 0, 0, 28, 0, 0, 0, 0, 40, 0, 0, 0, 7433], '_type': 'histogram'}",0.202,50,4.915701177337232,0.9728396104114051,1627.4382252693176,2.255086298095142,0.9728396104114051,0.910295093251482,1.2528595647954637,3.233874944,0.8710887432098389,0.833,13.904,83267.0446158,14.835931929489204,1.1109175802829967,0.8270000219345093,0.11362116643228146,0.833,5.2732220969635195,0.9662322222222223,2.255086298095142,0.833,0,66.818919921875,50,1.2528595647954637,0.910295093251482,0.0001,0.202,0.11362116643228146,0.9662322222222223,1.1109175802829967,0.9662322222222223,1776446752.9556293,0
0.8435373902320862,,,,,,51,4.913659802778128,0.9741939894938441,1628.1143426895142,2.380881357997509,0.9741939894938441,0.9014188570001512,1.279728951085985,3.233874944,0.8435373902320862,,,84898.9244017,14.53186696846288,1.0943829949352095,,0.12718852650273713,,5.386313975335504,,2.380881357997509,,0,65.1688505859375,51,1.279728951085985,0.9014188570001512,0.0001,,0.12718852650273713,,1.0943829949352095,,1776448381.6715758,0
0.8604624271392822,,,,,,52,4.903856042470091,0.9742885115864499,1631.3692593574524,2.408231618176471,0.9742885115864499,0.9026489744066876,1.304847842011116,3.233874944,0.8604624271392822,,,86528.3089594,14.699870324394427,1.0928246247571447,,0.1258600927175406,,5.492038107871652,,2.408231618176471,,0,58.82339453125,52,1.304847842011116,0.9026489744066876,0.0001,,0.1258600927175406,,1.0928246247571447,,1776450013.5592053,0
0.8472189903259277,,,,,,53,4.9113728958860365,0.9754019735404857,1628.8724496364594,2.3570150053783756,0.9754019735404857,0.9045063396198897,1.3300097120933931,3.233874944,0.8472189903259277,,,88158.9163097,14.603483564343529,1.0608962034785043,,0.12669544536405553,,5.5979431374911925,,2.3570150053783756,,0,61.8147998046875,53,1.3300097120933931,0.9045063396198897,0.0001,,0.12669544536405553,,1.0608962034785043,,1776451642.9516547,0
0.8312414288520813,,,,,,54,4.907680552742513,0.9736567342825736,1630.0979483127594,2.324814605223588,0.9736567342825736,0.8964351725126357,1.3551358741877726,3.233874944,0.8312414288520813,,,89790.2152716,14.424838363312151,1.0824625149181863,,0.13318949190398424,,5.703697874008368,,2.324814605223588,,0,67.887193359375,54,1.3551358741877726,0.8964351725126357,0.0001,,0.13318949190398424,,1.0824625149181863,,1776453273.5662239,0
0.8176157474517822,,,,,,55,4.905565317375876,0.9738222189495696,1630.8008317947388,2.234192550816211,0.9738222189495696,0.9010220927267261,1.3802657509772591,3.233874944,0.8176157474517822,,,91419.4004519,14.316969930096386,1.0636156298983528,,0.1333140570493497,,5.809468245488053,,2.234192550816211,,0,70.7393291015625,55,1.3802657509772591,0.9010220927267261,0.0001,,0.1333140570493497,,1.0636156298983528,,1776454904.881425,0
0.8513169884681702,,,,,,56,4.911985316432421,0.9745835799664756,1628.6693637371063,2.3553778380740744,0.9745835799664756,0.9081834039758406,1.4053782964470787,3.233874944,0.8513169884681702,,,93051.4165457,14.65587493193416,1.0813826548539596,,0.12800596557208624,,5.915165670325984,,2.3553778380740744,,0,61.3711845703125,56,1.4053782964470787,0.9081834039758406,0.0001,,0.12800596557208624,,1.0813826548539596,,1776456534.0650344,0
0.823828935623169,,,,,,57,4.9034469517046455,0.973988067012585,1631.505363225937,2.3909165817681846,0.973988067012585,0.8953941136819501,1.4304920474369303,3.233874944,0.823828935623169,,,94685.7135994,14.311845948597893,1.06772963347596,,0.13835536665784237,,6.020868169136333,,2.3909165817681846,,0,63.2357529296875,57,1.4304920474369303,0.8953941136819501,0.0001,,0.13835536665784237,,1.06772963347596,,1776458166.0882454,0
0.8228409290313721,,,,,,58,4.89658590197478,0.9738766764528743,1633.7914130687714,2.2038910052063025,0.9738766764528743,0.9035340925032617,1.455634886033901,3.233874944,0.8228409290313721,,,96320.3221093,14.348021444226585,1.0713922220387064,,0.14028697099169377,,6.126693096203541,,2.2038910052063025,,0,77.3706044921875,58,1.455634886033901,0.9035340925032617,0.0001,,0.14028697099169377,,1.0713922220387064,,1776459800.3930268,0
0.7852882742881775,,,,,,59,4.895623727885182,0.9729876178042252,1634.1125144958496,2.2724818713234582,0.9729876178042252,0.8864105646710193,1.480783055402429,3.233874944,0.7852882742881775,,,97956.4607877,14.001165925202788,1.051479882286891,,0.14926535466339858,,6.232540460216721,,2.2724818713234582,,0,82.560013671875,59,1.480783055402429,0.8864105646710193,0.0001,,0.14926535466339858,,1.051479882286891,,1776461435.0201225,0
0.8044132590293884,,,,,,60,4.891074489924981,0.9730899642361515,1635.6324191093445,2.327723362591594,0.9730899642361515,0.897473156261109,1.5059298245436465,3.233874944,0.8044132590293884,,,99592.3774783,14.162492071482891,1.0555066640178157,,0.14432330987713618,,6.338381930744472,,2.327723362591594,,0,79.2774755859375,60,1.5059298245436465,0.897473156261109,0.0001,,0.14432330987713618,,1.0555066640178157,,1776463071.175253,0
0.813300371170044,,,,,,61,4.8917266895275615,0.9742754220893475,1635.4143450260162,2.535325608119531,0.9742754220893475,0.8960408547875123,1.53105699954822,3.233874944,0.813300371170044,,,101227.9860805,14.303346986955788,1.0784281618142375,,0.14362520090208586,,6.444140930549066,,2.535325608119531,,0,70.36421484375,61,1.53105699954822,0.8960408547875123,0.0001,,0.14362520090208586,,1.0784281618142375,,1776464707.1066682,0
0.8183777928352356,,,,,,62,4.8926373334594615,0.9727681252381983,1635.1099529266357,2.4103329621996212,0.9727681252381983,0.8976195950420847,1.5561790429978173,3.233874944,0.8183777928352356,,,102862.8582544,14.33852426770933,1.068482249560047,,0.13666294182747962,,6.5498783319001275,,2.4103329621996212,,0,85.7838974609375,62,1.5561790429978173,0.8976195950420847,0.0001,,0.13666294182747962,,1.068482249560047,,1776466342.7298386,0
0.7747066020965576,,,,,,63,4.894862789902516,0.9740228639686322,1634.3665478229523,2.3712357275049167,0.9740228639686322,0.8870399872876306,1.581294534966905,3.233874944,0.7747066020965576,,,104497.6940557,13.857091956632098,1.042345493544913,,0.15868623941170898,,6.655588158403406,,2.3712357275049167,,0,83.73270703125,63,1.581294534966905,0.8870399872876306,0.0001,,0.15868623941170898,,1.042345493544913,,1776467977.6127741,0
0.8265224695205688,,,,,,64,4.894961248526639,0.9728392766153512,1634.3336737155914,2.289015086753148,0.9728392766153512,0.8980387396502133,1.6064140888362997,3.233874944,0.8265224695205688,,,106131.0303846,14.394529817552774,1.1094381810866767,,0.13395024001995376,,6.761315081238195,,2.289015086753148,,0,73.1904716796875,64,1.6064140888362997,0.8980387396502133,0.0001,,0.13395024001995376,,1.1094381810866767,,1776469612.4598577,0
0.7747551798820496,,,,,,65,4.899478269680999,0.9743857271283386,1632.8269174098969,2.3415616988196093,0.9743857271283386,0.8889241108313276,1.6315358903374002,3.233874944,0.7747551798820496,,,107765.192381,13.898238111265028,1.0379790991812412,,0.15781467352231837,,6.867051464240357,,2.3415616988196093,,0,71.300974609375,65,1.6315358903374002,0.8889241108313276,0.0001,,0.15781467352231837,,1.0379790991812412,,1776471245.8065493,0
0.8030879497528076,,,,,,66,4.896998138158834,0.9724996682581913,1633.653878211975,2.347772266809401,0.9724996682581913,0.8888072294601933,1.6566524013561268,3.233874944,0.8030879497528076,,,109399.9115271,14.17689026685805,1.0822934266695172,,0.1351016955913464,,6.9727655798716635,,2.347772266809401,,0,76.2691923828125,66,1.6566524013561268,0.8888072294601933,0.0001,,0.1351016955913464,,1.0822934266695172,,1776472879.9783194,0
0.8384544849395752,,,,,,67,4.895322004793106,0.9726897454134629,1634.2132329940796,2.1903380986439402,0.9726897454134629,0.9061697623954001,1.6817755330925306,3.233874944,0.8384544849395752,,,111034.6341903,14.493694853185204,1.0933041218005615,,0.1198592337717791,,7.078507561766463,,2.1903380986439402,,0,74.597919921875,67,1.6817755330925306,0.9061697623954001,0.0001,,0.1198592337717791,,1.0933041218005615,,1776474514.706754,0
0.7709582448005676,,,,,,68,4.895306034884104,0.9750268279036252,1634.2185642719269,2.2336231326764486,0.9750268279036252,0.8915255550566168,1.706868939224986,3.233874944,0.7709582448005676,,,112670.5032735,13.74200514402993,1.0160664144419316,,0.1695498815112763,,7.184124430108245,,2.2336231326764486,,0,71.736677734375,68,1.706868939224986,0.8915255550566168,0.0001,,0.1695498815112763,,1.0160664144419316,,1776476149.4390252,0
0.7469555139541626,,,,,,69,4.8918925022151,0.9742477680671063,1635.3589119911194,2.3248933277550887,0.9742477680671063,0.8802356185890978,1.731972397790364,3.233874944,0.7469555139541626,,,114305.6036875,13.520141713773578,1.0259631966355294,,0.18291447471180802,,7.2897836086282,,2.3248933277550887,,0,94.3794814453125,69,1.731972397790364,0.8802356185890978,0.0001,,0.18291447471180802,,1.0259631966355294,,1776477785.315787,0
0.7662408351898193,,,,,,70,4.894184003479625,0.9712219130878555,1634.5932221412659,2.3269390134407297,0.9712219130878555,0.8833407525246668,1.7570840691885323,3.233874944,0.7662408351898193,,,115940.8253707,13.838214584450844,1.0572332703419802,,0.156303984777951,,7.395477354543073,,2.3269390134407297,,0,112.7948857421875,70,1.7570840691885323,0.8833407525246668,0.0001,,0.156303984777951,,1.0572332703419802,,1776479420.4244192,0
0.8100314140319824,,,,,,71,4.893824300680498,0.9732658013943688,1634.713366985321,2.2057286513894616,0.9732658013943688,0.9020519764810104,1.782201015392497,3.233874944,0.8100314140319824,,,117576.782388,14.213011840017105,1.0614096652442933,,0.14153651822643995,,7.501193301846882,,2.2057286513894616,,0,78.72616796875,71,1.782201015392497,0.9020519764810104,0.0001,,0.14153651822643995,,1.0614096652442933,,1776481055.6541564,0
0.8019713163375854,,,,,,72,4.89161620175868,0.971770664212647,1635.4512844085693,2.2837992450418225,0.971770664212647,0.8972954237846026,1.8073321243848148,3.233874944,0.8019713163375854,,,119212.0076699,14.15979765349427,1.0792113352729036,,0.1442035583715368,,7.606968859605523,,2.2837992450418225,,0,100.39709765625,72,1.8073321243848148,0.8972954237846026,0.0001,,0.1442035583715368,,1.0792113352729036,,1776482691.6197724,0
0.7988820672035217,,,,,,73,4.893815110437235,0.9719550767689191,1634.7164368629456,2.282307662075038,0.9719550767689191,0.8947878900206949,1.8324547609669009,3.233874944,0.7988820672035217,,,120846.9241025,14.1768666300693,1.0673083536277048,,0.1454301142152612,,7.7127087574210185,,2.282307662075038,,0,105.7445126953125,73,1.8324547609669009,0.8947878900206949,0.0001,,0.1454301142152612,,1.0673083536277048,,1776484326.8518116,0
0.8172543048858643,,,,,,74,4.894732137188009,0.972264828148731,1634.4101731777191,2.3466813382874534,0.972264828148731,0.896390843996122,1.8575855056072386,3.233874944,0.8172543048858643,,,122482.2295789,14.337474588908725,1.069247617086914,,0.13239706051918476,,7.818482781640733,,2.3466813382874534,,0,93.8243740234375,74,1.8575855056072386,0.896390843996122,0.0001,,0.13239706051918476,,1.069247617086914,,1776485961.7769122,0
0.8313636183738708,,,,,,75,4.893587179752328,0.9731680495956196,1634.7925777435303,2.282412364517666,0.9731680495956196,0.901522905187914,1.882709261340048,3.233874944,0.8313636183738708,,,124118.7111055,14.42605714390131,1.0551175517787996,,0.13630191525228744,,7.924227389904624,,2.282412364517666,,0,78.107330078125,75,1.882709261340048,0.901522905187914,0.0001,,0.13630191525228744,,1.0551175517787996,,1776487597.088725,0
0.8152469396591187,,,,,,76,4.890055891808952,0.9730404046238055,1635.9731211662292,2.257328035192097,0.9730404046238055,0.9005821221249943,1.9078454298906968,3.233874944,0.8152469396591187,,,125753.849363,14.268820011942601,1.0691869259578344,,0.14086556110848725,,8.030024243086585,,2.257328035192097,,0,91.9720283203125,76,1.9078454298906968,0.9005821221249943,0.0001,,0.14086556110848725,,1.0691869259578344,,1776489233.577631,0
0.8359133005142212,,,,,,77,4.89407575887134,0.9739096356907818,1634.629375219345,2.4826691058632875,0.9739096356907818,0.905098472019998,1.932989590948672,3.233874944,0.8359133005142212,,,127390.3345371,14.514351185504838,1.0541136056879354,,0.13601782679991817,,8.135854736324804,,2.4826691058632875,,0,83.564908203125,77,1.932989590948672,0.905098472019998,0.0001,,0.13601782679991817,,1.0541136056879354,,1776490868.7230017,0
0.8160958290100098,,,,,,78,4.890057714774481,0.9739991144298106,1635.972511291504,2.336673328434038,0.9739991144298106,0.8911382680348422,1.9581365044486583,3.233874944,0.8160958290100098,,,129027.7494383,14.290574812324618,1.0480186511216132,,0.1410247717678194,,8.241696814451258,,2.336673328434038,,0,87.51363671875,78,1.9581365044486583,0.8911382680348422,0.0001,,0.1410247717678194,,1.0480186511216132,,1776492505.2156334,0
0.8395998477935791,,,,,,79,4.88723672649679,0.9718809562259534,1636.9168198108673,2.2482730740932353,0.9718809562259534,0.9041033448630484,1.9833179673717825,3.233874944,0.8395998477935791,,,130663.5556334,14.511647902837792,1.1021396587604624,,0.12200495152645084,,8.34768430934001,,2.2482730740932353,,0,97.25592578125,79,1.9833179673717825,0.9041033448630484,0.0001,,0.12200495152645084,,1.1021396587604624,,1776494142.6490927,0
0.8773784637451172,,,,,,80,4.892039970366703,0.9726262224710602,1635.3096148967743,2.429823175498386,0.9726262224710602,0.9123068417751317,2.008496646533213,3.233874944,0.8773784637451172,,,132301.4763157,14.889190749272892,1.0764311592915696,,0.11006760804104193,,8.45366008751758,,2.429823175498386,,0,79.8082001953125,80,2.008496646533213,0.9123068417751317,0.0001,,0.11006760804104193,,1.0764311592915696,,1776495778.472989,0
0.8272830843925476,,,,,,81,4.885766527605981,0.9720229573750235,1637.409392118454,2.275453281207044,0.9720229573750235,0.900437584856095,2.033711287513803,3.233874944,0.8272830843925476,,,133939.4912044,14.39429259966681,1.0583295756092488,,0.12482427010808807,,8.559787227160365,,2.275453281207044,,0,101.385732421875,81,2.033711287513803,0.900437584856095,0.0001,,0.12482427010808807,,1.0583295756092488,,1776497416.4075236,0
0.818655788898468,,,,,,82,4.8854615604668545,0.9724711744566468,1637.5116047859192,2.3568764470035553,0.9724711744566468,0.8981388120342588,2.05889853543421,3.233874944,0.818655788898468,,,135576.9880695,14.338074534156215,1.0707384051439377,,0.1437830218711437,,8.665799070808042,,2.3568764470035553,,0,88.487771484375,82,2.05889853543421,0.8981388120342588,0.0001,,0.1437830218711437,,1.0707384051439377,,1776499054.4357038,0
0.8177195191383362,,,,,,83,4.887006428008536,0.970854438436509,1636.9939589500427,2.2606422723196835,0.970854438436509,0.8985494888314342,2.0840852063264372,3.233874944,0.8177195191383362,,,137213.6736682,14.366784081772895,1.064794132141779,,0.1223172564810416,,8.771808485773496,,2.2606422723196835,,0,120.0440810546875,83,2.0840852063264372,0.8985494888314342,0.0001,,0.1223172564810416,,1.064794132141779,,1776500691.9449816,0
0.7471301555633545,,,,,,84,4.889437154071074,0.9738519854192554,1636.1801466941833,2.2372064095984756,0.9738519854192554,0.8831636061454936,2.1092668069091816,3.233874944,0.7471301555633545,,,138851.5613726,13.626688849191927,1.0169926496522497,,0.17095275568666218,,8.87779656006458,,2.2372064095984756,,0,101.068626953125,84,2.1092668069091816,0.8831636061454936,0.0001,,0.17095275568666218,,1.0169926496522497,,1776502328.6417167,0
0.8279963135719299,,,,,,85,4.885850726415822,0.9719958522332113,1637.381174325943,2.342659899693482,0.9719958522332113,0.8951337696537393,2.134466877823149,3.233874944,0.8279963135719299,,,140490.0919213,14.408347746556181,1.0710789777991256,,0.12897329687366213,,8.983862375039045,,2.342659899693482,,0,98.28175,85,2.134466877823149,0.8951337696537393,0.0001,,0.12897329687366213,,1.0710789777991256,,1776503966.5399241,0
0.8053999543190002,,,,,,86,4.883941025608432,0.971125573147986,1638.0214171409607,2.40710999553438,0.971125573147986,0.8947060067825625,2.1596783481464024,3.233874944,0.8053999543190002,,,142127.1693745,14.209034691803552,1.0856504093209711,,0.134913498393627,,9.089976169546592,,2.40710999553438,,0,95.82842578125,86,2.1596783481464024,0.8947060067825625,0.0001,,0.134913498393627,,1.0856504093209711,,1776505605.0803177,0
0.8016085624694824,,,,,,87,4.8882803774443,0.9733557915059649,1636.5673370361328,2.2987261483831816,0.9733557915059649,0.8966813911446172,2.184881680497923,3.233874944,0.8016085624694824,,,143763.8110832,14.092425774489357,1.0802041007325653,,0.14841705318764192,,9.196055711745604,,2.2987261483831816,,0,91.90137109375,87,2.184881680497923,0.8966813911446172,0.0001,,0.14841705318764192,,1.0802041007325653,,1776507242.1669552,0
0.7739914059638977,,,,,,88,4.889571266367604,0.9730896020340222,1636.135269165039,2.2184835447982576,0.9730896020340222,0.8942213133120048,2.210090012222799,3.233874944,0.7739914059638977,,,145401.791942,13.850982855087498,1.0501668689991,,0.16025634499860328,,9.302156296052434,,2.2184835447982576,,0,95.8541015625,88,2.210090012222799,0.8942213133120048,0.0001,,0.16025634499860328,,1.0501668689991,,1776508878.8183825,0
0.7715195417404175,,,,,,89,4.885578814134057,0.9732345289425557,1637.4723045825958,2.225556326125157,0.9732345289425557,0.8886557540817853,2.2353243092991355,3.233874944,0.7715195417404175,,,147041.1168287,13.806018397884332,1.043165046386107,,0.16332227085698753,,9.408366167201086,,2.225556326125157,,0,106.0439765625,89,2.2353243092991355,0.8886557540817853,0.0001,,0.16332227085698753,,1.043165046386107,,1776510516.8080337,0
0.7872411012649536,,,,,,90,4.881583468607313,0.9724479672536056,1638.81249833107,2.341418899196658,0.9724479672536056,0.8942928935318688,2.2605698447583507,3.233874944,0.7872411012649536,,,148680.1653588,14.052250528347042,1.0669284966690784,,0.1487530749994904,,9.514623340130871,,2.341418899196658,,0,78.170173828125,90,2.2605698447583507,0.8942928935318688,0.0001,,0.1487530749994904,,1.0669284966690784,,1776512156.140405,0
0.7637177109718323,,,,,,91,4.882393598238812,0.9722738956209669,1638.5405721664429,2.339696859984031,0.9722738956209669,0.8850684161829213,2.2858255752828063,3.233874944,0.7637177109718323,,,150319.2531942,13.787850837430101,1.063340734106665,,0.16898270597637988,,9.620923423570995,,2.339696859984031,,0,109.486328125,91,2.2858255752828063,0.8850684161829213,0.0001,,0.16898270597637988,,1.063340734106665,,1776513795.1969066,0
0.764361560344696,,,,,,92,4.882280961484408,0.9728995970470502,1638.5783741474152,2.2818136397041515,0.9728995970470502,0.8905877965822847,2.3110884767142204,3.233874944,0.764361560344696,,,151958.606038,13.794357382301726,1.0397070840112992,,0.1600623472253504,,9.727253688993274,,2.2818136397041515,,0,110.5939638671875,92,2.3110884767142204,0.8905877965822847,0.0001,,0.1600623472253504,,1.0397070840112992,,1776515434.2926562,0
0.7531740665435791,,,,,,93,4.881464226472942,0.9731920439919067,1638.8525304794312,2.2266079135451413,0.9731920439919067,0.8841862487630073,2.336364474208322,3.233874944,0.7531740665435791,,,153593.3868313,13.606416703843632,1.0376361093605302,,0.16980858287802933,,9.833639075076391,,2.2266079135451413,,0,96.8987138671875,93,2.336364474208322,0.8841862487630073,0.0001,,0.16980858287802933,,1.0376361093605302,,1776517073.6611862,0
0.7870895862579346,,,,,,94,4.895167777151467,0.9725686345759541,1634.2647206783295,2.305880181709435,0.9725686345759541,0.8908992403195505,2.361627584926479,3.233874944,0.7870895862579346,,,155231.8437306,14.008226396781057,1.0543170860498357,,0.15265805884320513,,9.939970221375916,,2.305880181709435,,0,105.139970703125,94,2.361627584926479,0.8908992403195505,0.0001,,0.15265805884320513,,1.0543170860498357,,1776518708.4434755,0
0.8034015893936157,,,,,,95,4.884175710402366,0.9730338249978937,1637.942710161209,2.323870466435159,0.9730338249978937,0.8941050034297975,2.386889070277609,3.233874944,0.8034015893936157,,,156872.5297929,14.141391964332989,1.0740350262451366,,0.14501436966294254,,10.046294526588403,,2.323870466435159,,0,93.2921416015625,95,2.386889070277609,0.8941050034297975,0.0001,,0.14501436966294254,,1.0740350262451366,,1776520346.905946,0
0.8272727131843567,,,,,,96,4.877532551817995,0.9725302127092997,1640.1735744476318,2.234070768325086,0.9725302127092997,0.9013235411575401,2.412153602080127,3.233874944,0.8272727131843567,,,158510.4091711,14.417081943700763,1.0842120787321208,,0.129283843652557,,10.15263165415962,,2.234070768325086,,0,88.20340161132812,96,2.412153602080127,0.9013235411575401,0.0001,,0.129283843652557,,1.0842120787321208,,1776521987.599428,0
0.7838349938392639,,,,,,97,4.8858791715772085,0.9710464898490824,1637.3716416358948,2.3401646252536485,0.9710464898490824,0.8868429161388461,2.4374083421451163,3.233874944,0.7838349938392639,,,160147.5552126,13.964470679191583,1.0636279980671923,,0.14717758926321284,,10.258927611851854,,2.3401646252536485,,0,103.63137548828125,97,2.4374083421451163,0.8868429161388461,0.0001,,0.14717758926321284,,1.0636279980671923,,1776523625.487194,0
0.8559637069702148,,,,,,98,4.8880941904341695,0.9709347724672069,1636.6296737194061,2.4304175071378813,0.9709347724672069,0.9016684313974717,2.4625983208489366,3.233874944,0.8559637069702148,,,161784.5588263,14.709805620578658,1.0666992039072745,,0.11232364401078636,,10.364950906182273,,2.4304175071378813,,0,99.7783212890625,98,2.4625983208489366,0.9016684313974717,0.0001,,0.11232364401078636,,1.0666992039072745,,1776525262.639496,0
0.8308957815170288,,,,,,99,4.888472665727689,0.9716641475560124,1636.502962589264,2.410910625242946,0.9716641475560124,0.9006782613100391,2.4877616560283347,3.233874944,0.8308957815170288,,,163421.4814479,14.443042042164468,1.1298968782939662,,0.123034705105646,,10.470862102320972,,2.410910625242946,,0,84.7040283203125,99,2.4877616560283347,0.9006782613100391,0.0001,,0.123034705105646,,1.1298968782939662,,1776526899.6629338,0
0.8128674626350403,15.115,0.115,"{'_type': 'histogram', 'packedBins': {'min': 2, 'size': 0.21875, 'count': 64}, 'values': [10, 0, 0, 0, 24, 0, 0, 0, 0, 14, 0, 0, 0, 4, 0, 0, 0, 0, 5, 0, 0, 0, 4, 0, 0, 0, 0, 10, 0, 0, 0, 0, 2, 0, 0, 0, 3, 0, 0, 0, 0, 2, 0, 0, 0, 2, 0, 0, 0, 0, 0, 0, 0, 0, 1, 0, 0, 0, 0, 3, 0, 0, 0, 916]}","{'_type': 'histogram', 'packedBins': {'min': 1, 'size': 0.234375, 'count': 64}, 'values': [3, 0, 0, 0, 559, 0, 0, 0, 377, 0, 0, 0, 140, 0, 0, 0, 0, 91, 0, 0, 0, 48, 0, 0, 0, 57, 0, 0, 0, 45, 0, 0, 0, 0, 54, 0, 0, 0, 46, 0, 0, 0, 51, 0, 0, 0, 50, 0, 0, 0, 0, 37, 0, 0, 0, 59, 0, 0, 0, 38, 0, 0, 0, 7189]}",0.115,100,4.888720210220456,0.9721348808734614,1636.420096874237,2.329079808339012,0.9721348808734614,0.8962166398892645,2.5129391752462604,3.233874944,0.8128674626350403,0.894,15.115,165170.7234746,14.290405958522719,1.1379859886375077,0.9160000085830688,0.14018486100746588,0.894,10.57683299835541,0.9541055555555555,2.329079808339012,0.894,0,87.7160419921875,100,2.5129391752462604,0.8962166398892645,0.0001,0.115,0.14018486100746588,0.9541055555555555,1.1379859886375077,0.9541055555555555,1776528649.4771044,0
0.7907773852348328,,,,,,101,4.890532089041336,0.973803794249648,1635.813824415207,2.384456808869564,0.973803794249648,0.8948011159087278,2.53993416851217,3.233874944,0.7907773852348328,,,166808.1206677,14.089886127228187,1.0647377682200734,,0.15440509537310654,,10.69045355008933,,2.384456808869564,,0,87.822150390625,101,2.53993416851217,0.8948011159087278,0.0001,,0.15440509537310654,,1.0647377682200734,,1776530285.8619592,0
0.7632908821105957,,,,,,102,4.887304709432558,0.974016001238863,1636.8940501213074,2.346685404167716,0.974016001238863,0.8869087196668781,2.5651159827102243,3.233874944,0.7632908821105957,,,168445.8605853,13.795450889506958,1.0272845446299814,,0.1662194929152721,,10.796442523476372,,2.346685404167716,,0,103.9571533203125,102,2.5651159827102243,0.8869087196668781,0.0001,,0.1662194929152721,,1.0272845446299814,,1776531923.2732375,0
0.810527503490448,,,,,,103,4.886270760714844,0.9736170885909567,1637.2404215335846,2.4736267213671557,0.9736170885909567,0.8919695518837297,2.590305186804846,3.233874944,0.810527503490448,,,170081.446713,14.210424976325543,1.066333013153822,,0.14710997099442938,,10.902462600561684,,2.4736267213671557,,0,77.3056533203125,103,2.590305186804846,0.8919695518837297,0.0001,,0.14710997099442938,,1.066333013153822,,1776533561.0345447,0
0.8294494152069092,,,,,,104,4.89275304620911,0.9733876597460731,1635.071282863617,2.547684113200434,0.9733876597460731,0.8947510805979471,2.6154636396594118,3.233874944,0.8294494152069092,,,171718.4163683,14.415125295031327,1.0970037119232106,,0.1356443274037196,,11.00835324724384,,2.547684113200434,,0,69.04654052734375,104,2.6154636396594118,0.8947510805979471,0.0001,,0.1356443274037196,,1.0970037119232106,,1776535196.623171,0
0.7827298045158386,,,,,,105,4.888565119128491,0.9722517944224046,1636.472012758255,2.372791461253852,0.9722517944224046,0.884547458321622,2.6406149575716453,3.233874944,0.7827298045158386,,,173353.8879832,13.963962130827293,1.0526952874313302,,0.15417397220559487,,11.114213863317115,,2.372791461253852,,0,107.84833203125,105,2.6406149575716453,0.884547458321622,0.0001,,0.15417397220559487,,1.0526952874313302,,1776536833.6108353,0
0.7992156744003296,,,,,,106,4.893093799729769,0.9728890799084813,1634.957417011261,2.320975324022019,0.9728890799084813,0.8929088294748008,2.665764705765957,3.233874944,0.7992156744003296,,,174990.2781517,14.105731826052237,1.0394838011810081,,0.15187962462387963,,11.22006787252761,,2.320975324022019,,0,103.403962890625,106,2.665764705765957,0.8929088294748008,0.0001,,0.15187962462387963,,1.0394838011810081,,1776538469.0855625,0
0.7967315912246704,,,,,,107,4.890334477089781,0.97159532699077,1635.8799254894257,2.365956835433545,0.97159532699077,0.8868257972058675,2.6908990268632373,3.233874944,0.7967315912246704,,,176625.6523987,14.163608135865102,1.0684001464050255,,0.14038420163297885,,11.325856949872435,,2.365956835433545,,0,115.635646484375,107,2.6908990268632373,0.8868257972058675,0.0001,,0.14038420163297885,,1.0684001464050255,,1776540105.485379,0
0.772882878780365,,,,,,108,4.893390944330161,0.9721503472725265,1634.8581364154816,2.270824512379753,0.9721503472725265,0.8848119543464926,2.716039121081753,3.233874944,0.772882878780365,,,178261.3265012,13.89239900747701,1.0264285573462573,,0.15514964635982065,,11.431670325990497,,2.270824512379753,,0,118.1301748046875,108,2.716039121081753,0.8848119543464926,0.0001,,0.15514964635982065,,1.0264285573462573,,1776541740.8687916,0
0.8034811615943909,,,,,,109,4.892472057368809,0.972354339533682,1635.165189743042,2.3536817413612994,0.972354339533682,0.8891053078801342,2.7411671494515195,3.233874944,0.8034811615943909,,,179897.0578634,14.207769611883002,1.0279603592355944,,0.14276382972278767,,11.537432917565724,,2.3536817413612994,,0,105.8756796875,109,2.7411671494515195,0.8891053078801342,0.0001,,0.14276382972278767,,1.0279603592355944,,1776543376.5516162,0
0.7750853896141052,,,,,,110,4.8923098511133185,0.9721684452656169,1635.219404220581,2.4408788011207148,0.9721684452656169,0.886430093239068,2.7662969735598515,3.233874944,0.7750853896141052,,,181531.4523679,13.89334244251218,1.0362964550312157,,0.1574969761469949,,11.64320306731311,,2.4408788011207148,,0,108.8140537109375,110,2.7662969735598515,0.886430093239068,0.0001,,0.1574969761469949,,1.0362964550312157,,1776545012.2916305,0
0.7643325924873352,,,,,,111,4.896320586340106,0.9727625299508991,1633.879942893982,2.315294675808319,0.9727625299508991,0.8849317868990312,2.791403253093,3.233874944,0.7643325924873352,,,183164.7014329,13.806495438660143,1.0517585417158812,,0.16522683872088526,,11.748874119142732,,2.315294675808319,,0,99.8999345703125,111,2.791403253093,0.8849317868990312,0.0001,,0.16522683872088526,,1.0517585417158812,,1776546646.6940644,0
0.7995530962944031,,,,,,112,4.899755989934121,0.9721681645421499,1632.7343680858612,2.414446046368991,0.9721681645421499,0.8956342830339374,2.816462953033949,3.233874944,0.7995530962944031,,,184797.0684055,14.146433870949364,1.0608944245889473,,0.14458151756169513,,11.854349119841205,,2.414446046368991,,0,94.062556640625,112,2.816462953033949,0.8956342830339374,0.0001,,0.14458151756169513,,1.0608944245889473,,1776548279.9511795,0
0.8576940894126892,,,,,,113,4.902412527056874,0.9717558150359327,1631.8496160507202,2.4980205339034307,0.9717558150359327,0.9024629430335046,2.8414904796444262,3.233874944,0.8576940894126892,,,186430.0610969,14.714716929070844,1.0758414611001867,,0.11514902632111527,,11.959688704630388,,2.4980205339034307,,0,89.798046875,113,2.8414904796444262,0.9024629430335046,0.0001,,0.11514902632111527,,1.0758414611001867,,1776549912.3258986,0
0.7979651093482971,,,,,,114,4.900523331984644,0.9730681165965642,1632.4787085056305,2.2418155362966576,0.9730681165965642,0.893778916436721,2.8665239746309132,3.233874944,0.7979651093482971,,,188063.3757132,14.094906000074264,1.0421085306425726,,0.146334325182016,,12.065053410010211,,2.2418155362966576,,0,99.67586962890626,114,2.8665239746309132,0.893778916436721,0.0001,,0.146334325182016,,1.0421085306425726,,1776551545.3263853,0
0.822538435459137,,,,,,115,4.899544704185743,0.9698535138640186,1632.8047773838043,2.321577662979385,0.9698535138640186,0.9059211776277699,2.891558232699673,3.233874944,0.822538435459137,,,189696.8061105,14.41052134495064,1.1015936391417922,,0.12430866515743633,,12.170421327164457,,2.321577662979385,,0,105.5186953125,115,2.891558232699673,0.9059211776277699,0.0001,,0.12430866515743633,,1.1015936391417922,,1776553178.648334,0
0.803416907787323,,,,,,116,4.899205787015364,0.971173011971534,1632.9177315235138,2.3196025331936747,0.971173011971534,0.8917949475288581,2.916592474845893,3.233874944,0.803416907787323,,,191329.6144379,14.201912895230281,1.072584801588413,,0.13700491565818096,,12.275789177301538,,2.3196025331936747,,0,109.72641015625,116,2.916592474845893,0.8917949475288581,0.0001,,0.13700491565818096,,1.072584801588413,,1776554812.0862591,0
0.8259339332580566,,,,,,117,4.901125713216989,0.9719674541958561,1632.278065919876,2.3534055310119504,0.9719674541958561,0.8989399339782175,2.9416412253224062,3.233874944,0.8259339332580566,,,192962.0744304,14.388194220663317,1.0811525088403862,,0.1299180023402361,,12.38121809226188,,2.3534055310119504,,0,89.0454541015625,117,2.9416412253224062,0.8989399339782175,0.0001,,0.1299180023402361,,1.0811525088403862,,1776556444.902027,0
0.842620313167572,,,,,,118,4.902120702020825,0.9721410475478466,1631.9467606544495,2.2246620217154027,0.9721410475478466,0.9056925331741138,2.966683403357343,3.233874944,0.842620313167572,,,194594.9090985,14.5354282793384,1.0788595246893418,,0.12045712369648773,,12.48661934415038,,2.2246620217154027,,0,96.546322265625,118,2.966683403357343,0.9056925331741138,0.0001,,0.12045712369648773,,1.0788595246893418,,1776558077.369777,0
0.892221987247467,,,,,,119,4.900949851518256,0.972764382098001,1632.3366372585297,2.35825652779241,0.972764382098001,0.91214985578222,2.9916896115928155,3.233874944,0.892221987247467,,,196228.6369658,15.016904950770433,1.0900673177835525,,0.10081122316042387,,12.591869200984972,,2.35825652779241,,0,81.5253505859375,119,2.9916896115928155,0.91214985578222,0.0001,,0.10081122316042387,,1.0900673177835525,,1776559710.2227607,0
0.834939181804657,,,,,,120,4.898292413396785,0.9724768176247669,1633.2222180366516,2.4165133343764698,0.9724768176247669,0.8994585193207302,3.016692065227361,3.233874944,0.834939181804657,,,197862.3624345,14.504630655841922,1.086929047235728,,0.12602482729224054,,12.697103254895492,,2.4165133343764698,,0,86.0871484375,120,3.016692065227361,0.8994585193207302,0.0001,,0.12602482729224054,,1.086929047235728,,1776561343.9668431,0
0.8553073406219482,,,,,,121,4.898321708665406,0.9744600358118113,1633.2124502658844,2.3904143271966274,0.9744600358118113,0.9081435437542461,3.041678082454727,3.233874944,0.8553073406219482,,,199494.2533817,14.640969474062436,1.0453946428754122,,0.1263985420746325,,12.802268128805336,,2.3904143271966274,,0,68.7498701171875,121,3.041678082454727,0.9081435437542461,0.0001,,0.1263985420746325,,1.0453946428754122,,1776562977.7068224,0
0.8185415267944336,,,,,,122,4.9038183675870615,0.9762097873415972,1631.3817927837372,2.374275559594194,0.9762097873415972,0.8949814186546228,3.0666441050036846,3.233874944,0.8185415267944336,,,201127.9748679,14.227927366958324,1.0145628919532428,,0.1466836742782746,,12.907348846132136,,2.374275559594194,,0,65.358794921875,122,3.0666441050036846,0.8949814186546228,0.0001,,0.1466836742782746,,1.0145628919532428,,1776564609.6110227,0
0.8056612014770508,,,,,,123,4.898320538821507,0.9742932537661665,1633.2128403186798,2.3610716785493127,0.9742932537661665,0.8905784492192,3.0916380908691226,3.233874944,0.8056612014770508,,,202760.25628,14.167019940480955,1.0363454557340634,,0.13765566530749287,,13.012547259633765,,2.3610716785493127,,0,71.87244140625,123,3.0916380908691226,0.8905784492192,0.0001,,0.13765566530749287,,1.0363454557340634,,1776566243.3446407,0
0.8405930399894714,,,,,,124,4.9026410413735455,0.9721789786183144,1631.773554801941,2.4155568961940603,0.9721789786183144,0.9057692567410071,3.1166049361603663,3.233874944,0.8405930399894714,,,204393.9626254,14.53916540384017,1.0801311714293784,,0.12244755848114823,,13.117631439840945,,2.4155568961940603,,0,79.271779296875,124,3.1166049361603663,0.9057692567410071,0.0001,,0.12244755848114823,,1.0801311714293784,,1776567875.637124,0
0.7704775333404541,,,,,,125,4.898375945415791,0.9746212111644931,1633.1943666934967,2.2190190070180735,0.9746212111644931,0.8905861299294829,3.1415681872624104,3.233874944,0.7704775333404541,,,206026.4558696,13.781152984380203,1.0424232287503066,,0.16401534971801984,,13.222700492288846,,2.2190190070180735,,0,86.2492001953125,125,3.1415681872624104,0.8905861299294829,0.0001,,0.16401534971801984,,1.0424232287503066,,1776569509.3539119,0
0.7947467565536499,,,,,,126,4.902006081168652,0.9737382395298431,1631.9849195480347,2.2110982890290822,0.9737382395298431,0.8955379195927181,3.1665090425198765,3.233874944,0.7947467565536499,,,207659.4389309,14.019338113659048,1.0208249147402482,,0.14878554647454217,,13.327675281767592,,2.2110982890290822,,0,81.6668154296875,126,3.1665090425198765,0.8955379195927181,0.0001,,0.14878554647454217,,1.0208249147402482,,1776571141.8585675,0
0.7531142830848694,,,,,,127,4.9005638227052035,0.9743990007770243,1632.4652202129364,2.2255253559324353,0.9743990007770243,0.8860753090172245,3.191434104352586,3.233874944,0.7531142830848694,,,209291.0955026,13.59703482728167,1.0299793589877084,,0.1763953139873811,,13.432583597525936,,2.2255253559324353,,0,89.6310322265625,127,3.191434104352586,0.8860753090172245,0.0001,,0.1763953139873811,,1.0299793589877084,,1776572774.8494227,0
0.756147563457489,,,,,,128,4.904534251374708,0.9747543903026723,1631.1436703205109,2.2087271665452235,0.9747543903026723,0.8882060987620418,3.2163344226238704,3.233874944,0.756147563457489,,,210924.3073678,13.601561090676988,1.0172585784603054,,0.17317646135393744,,13.537387768894494,,2.2087271665452235,,0,85.91407470703125,128,3.2163344226238704,0.8882060987620418,0.0001,,0.17317646135393744,,1.0172585784603054,,1776574406.5149527,0
0.7882457375526428,,,,,,129,4.8998713956859685,0.9727982358786155,1632.6959125995636,2.189552195552378,0.9727982358786155,0.8937251205953908,3.2412621114749465,3.233874944,0.7882457375526428,,,212557.9297932,13.990405519318307,1.0532603417858297,,0.1465737544861081,,13.64230714163934,,2.189552195552378,,0,90.069810546875,129,3.2412621114749465,0.8937251205953908,0.0001,,0.1465737544861081,,1.0532603417858297,,1776576039.7352722,0
0.788516640663147,,,,,,130,4.898619904080935,0.9735680100247112,1633.1130311489105,2.2340239977588756,0.9735680100247112,0.8926091978245567,3.2661950528088517,3.233874944,0.788516640663147,,,214191.1591878,13.977282154734109,1.034065365693433,,0.15189318178983666,,13.747248621816894,,2.2340239977588756,,0,91.00036328125,130,3.2661950528088517,0.8926091978245567,0.0001,,0.15189318178983666,,1.034065365693433,,1776577673.3661633,0
0.7684912085533142,,,,,,131,4.89980052769337,0.9745486980816775,1632.7195270061493,2.191406671786121,0.9745486980816775,0.8926530750421564,3.2911501594492205,3.233874944,0.7684912085533142,,,215823.6759456,13.761746220453956,1.0474814278981621,,0.16910571391103751,,13.85228339464042,,2.191406671786121,,0,81.180970703125,131,3.2911501594492205,0.8926530750421564,0.0001,,0.16910571391103751,,1.0474814278981621,,1776579306.6035273,0
0.7904277443885803,,,,,,132,4.901950648279535,0.9738972181819737,1632.0033745765686,2.308565633289898,0.9738972181819737,0.8902565831597467,3.316146372527775,3.233874944,0.7904277443885803,,,217456.5450375,14.051857652672677,1.0539384579581974,,0.14700154387156456,,13.957491182368614,,2.308565633289898,,0,77.4763623046875,132,3.316146372527775,0.8902565831597467,0.0001,,0.14700154387156456,,1.0539384579581974,,1776580939.1285138,0
0.7642903923988342,,,,,,133,4.900894285751069,0.9751369123673725,1632.3551445007324,2.3146423916549077,0.9751369123673725,0.8875127976952478,3.3411600437677835,3.233874944,0.7642903923988342,,,219089.8216308,13.734570692752774,1.0233865192952878,,0.17094606910173285,,14.062772450609184,,2.3146423916549077,,0,92.16958984375,133,3.3411600437677835,0.8875127976952478,0.0001,,0.17094606910173285,,1.0233865192952878,,1776582572.0052035,0
0.7648466229438782,,,,,,134,4.89966458374211,0.9742130815032384,1632.7648277282715,2.170291281778583,0.9742130815032384,0.8861625327770524,3.3662320673340127,3.233874944,0.7648466229438782,,,220725.2355659,13.736603042940006,1.0526713972339394,,0.1666872406914268,,14.168299320818784,,2.170291281778583,,0,89.51003125,134,3.3662320673340127,0.8861625327770524,0.0001,,0.1666872406914268,,1.0526713972339394,,1776584205.2894423,0
0.8240698575973511,,,,,,135,4.893255871015088,0.9735741118490506,1634.9032649993896,2.3392504975427024,0.9735741118490506,0.8972042812402344,3.391300116326105,3.233874944,0.8240698575973511,,,222356.2533106,14.346328486158253,1.0448883987905355,,0.1361598998287711,,14.273809462248275,,2.3392504975427024,,0,77.767548828125,135,3.391300116326105,0.8972042812402344,0.0001,,0.1361598998287711,,1.0448883987905355,,1776585840.7113392,0
0.8296414613723755,,,,,,136,4.906446253756076,0.9741470347749985,1630.5080268383026,2.5301945050783843,0.9741470347749985,0.8931930482925776,3.416355971619772,3.233874944,0.8296414613723755,,,223988.1895293,14.397343804041116,1.0495604048827967,,0.13885359125545674,,14.379268281022153,,2.5301945050783843,,0,76.77771484375,136,3.416355971619772,0.8931930482925776,0.0001,,0.13885359125545674,,1.0495604048827967,,1776587471.7376344,0
0.8156084418296814,,,,,,137,4.9037009075696165,0.9741123367220552,1631.4208698272705,2.4117916880267485,0.9741123367220552,0.8928884347491914,3.4414278036573562,3.233874944,0.8156084418296814,,,225620.5350704,14.253057873207819,1.030746267846015,,0.1455151583229404,,14.484794345097443,,2.4117916880267485,,0,73.5613740234375,137,3.4414278036573562,0.8928884347491914,0.0001,,0.1455151583229404,,1.030746267846015,,1776589103.67981,0
0.8469775319099426,,,,,,138,4.902464471393071,0.9731732232471314,1631.8323256969452,2.4098676073794802,0.9731732232471314,0.9019871722777009,3.4665000874941674,3.233874944,0.8469775319099426,,,227254.247495,14.601495249276514,1.0654637814007382,,0.12523105631948003,,14.590322310772669,,2.4098676073794802,,0,71.8391611328125,138,3.4665000874941674,0.9019871722777009,0.0001,,0.12523105631948003,,1.0654637814007382,,1776590736.0324876,0
0.7937821745872498,,,,,,139,4.898334391782703,0.9741632554624509,1633.2082214355469,2.4732991877569805,0.9741632554624509,0.8864721950330859,3.4916019766834006,3.233874944,0.7937821745872498,,,228888.2456224,14.059468650033773,1.0439354921978126,,0.1561100929431017,,14.695974883868363,,2.4732991877569805,,0,77.8360185546875,139,3.4916019766834006,0.8864721950330859,0.0001,,0.1561100929431017,,1.0439354921978126,,1776592369.7640278,0
0.8025563359260559,,,,,,140,4.8974864114877725,0.9736203498699271,1633.4910049438477,2.2825446275396817,0.9736203498699271,0.893420493203892,3.516746589496123,3.233874944,0.8025563359260559,,,230522.6183295,14.149911924326936,1.0389661589586137,,0.1466926551429224,,14.801807278519302,,2.2825446275396817,,0,84.068416015625,140,3.516746589496123,0.893420493203892,0.0001,,0.1466926551429224,,1.0389661589586137,,1776594003.7773552,0
0.7824022769927979,,,,,,141,4.89636312610728,0.9746405964830347,1633.8657476902008,2.359038276306345,0.9746405964830347,0.8832615983616876,3.5419046182709213,3.233874944,0.7824022769927979,,,232158.3465674,13.90760343620993,1.0229182212471104,,0.16310906902805705,,14.907696140271309,,2.359038276306345,,0,77.503330078125,141,3.5419046182709213,0.8832615983616876,0.0001,,0.16310906902805705,,1.0229182212471104,,1776595638.1643357,0
0.7704288959503174,,,,,,142,4.892299348366539,0.9745074233696744,1635.2229146957397,2.3411902956668604,0.9745074233696744,0.8844894327257592,3.5671126378976146,3.233874944,0.7704288959503174,,,233793.8538228,13.814242746608185,1.0031289160543866,,0.16423631668436636,,15.013795410972788,,2.3411902956668604,,0,84.666310546875,142,3.5671126378976146,0.8844894327257592,0.0001,,0.16423631668436636,,1.0031289160543866,,1776597273.9057674,0
